Description	
Number of Runs	750
Preset Time	1
Pause Time	0
Alarm Level	0
High Voltage	900
Step Voltage	0
Volume	0

Run	High		Elapsed
Number	Voltage	Counts	Time	Date/Time
1	900	1122	1	04/10/25 12:10:02 PM	
2	900	1131	1	04/10/25 12:10:04 PM	
3	900	1143	1	04/10/25 12:10:05 PM	
4	900	1108	1	04/10/25 12:10:06 PM	
5	900	1125	1	04/10/25 12:10:07 PM	
6	900	1165	1	04/10/25 12:10:08 PM	
7	900	1136	1	04/10/25 12:10:10 PM	
8	900	1174	1	04/10/25 12:10:11 PM	
9	900	1144	1	04/10/25 12:10:12 PM	
10	900	1160	1	04/10/25 12:10:13 PM	
11	900	1136	1	04/10/25 12:10:14 PM	
12	900	1132	1	04/10/25 12:10:16 PM	
13	900	1124	1	04/10/25 12:10:17 PM	
14	900	1153	1	04/10/25 12:10:18 PM	
15	900	1123	1	04/10/25 12:10:19 PM	
16	900	1124	1	04/10/25 12:10:20 PM	
17	900	1142	1	04/10/25 12:10:21 PM	
18	900	1163	1	04/10/25 12:10:23 PM	
19	900	1150	1	04/10/25 12:10:24 PM	
20	900	1141	1	04/10/25 12:10:25 PM	
21	900	1121	1	04/10/25 12:10:26 PM	
22	900	1160	1	04/10/25 12:10:28 PM	
23	900	1143	1	04/10/25 12:10:29 PM	
24	900	1140	1	04/10/25 12:10:30 PM	
25	900	1142	1	04/10/25 12:10:31 PM	
26	900	1163	1	04/10/25 12:10:33 PM	
27	900	1138	1	04/10/25 12:10:34 PM	
28	900	1126	1	04/10/25 12:10:35 PM	
29	900	1139	1	04/10/25 12:10:36 PM	
30	900	1165	1	04/10/25 12:10:37 PM	
31	900	1173	1	04/10/25 12:10:39 PM	
32	900	1127	1	04/10/25 12:10:40 PM	
33	900	1156	1	04/10/25 12:10:41 PM	
34	900	1160	1	04/10/25 12:10:42 PM	
35	900	1142	1	04/10/25 12:10:43 PM	
36	900	1138	1	04/10/25 12:10:45 PM	
37	900	1114	1	04/10/25 12:10:46 PM	
38	900	1138	1	04/10/25 12:10:47 PM	
39	900	1163	1	04/10/25 12:10:48 PM	
40	900	1153	1	04/10/25 12:10:49 PM	
41	900	1162	1	04/10/25 12:10:51 PM	
42	900	1162	1	04/10/25 12:10:52 PM	
43	900	1157	1	04/10/25 12:10:53 PM	
44	900	1148	1	04/10/25 12:10:54 PM	
45	900	1136	1	04/10/25 12:10:56 PM	
46	900	1142	1	04/10/25 12:10:57 PM	
47	900	1144	1	04/10/25 12:10:58 PM	
48	900	1123	1	04/10/25 12:10:59 PM	
49	900	1194	1	04/10/25 12:11:00 PM	
50	900	1137	1	04/10/25 12:11:02 PM	
51	900	1127	1	04/10/25 12:11:03 PM	
52	900	1155	1	04/10/25 12:11:04 PM	
53	900	1152	1	04/10/25 12:11:05 PM	
54	900	1137	1	04/10/25 12:11:06 PM	
55	900	1155	1	04/10/25 12:11:08 PM	
56	900	1169	1	04/10/25 12:11:09 PM	
57	900	1121	1	04/10/25 12:11:10 PM	
58	900	1147	1	04/10/25 12:11:11 PM	
59	900	1163	1	04/10/25 12:11:13 PM	
60	900	1178	1	04/10/25 12:11:14 PM	
61	900	1109	1	04/10/25 12:11:15 PM	
62	900	1167	1	04/10/25 12:11:16 PM	
63	900	1191	1	04/10/25 12:11:17 PM	
64	900	1130	1	04/10/25 12:11:19 PM	
65	900	1152	1	04/10/25 12:11:20 PM	
66	900	1151	1	04/10/25 12:11:21 PM	
67	900	1159	1	04/10/25 12:11:22 PM	
68	900	1153	1	04/10/25 12:11:23 PM	
69	900	1152	1	04/10/25 12:11:25 PM	
70	900	1156	1	04/10/25 12:11:26 PM	
71	900	1153	1	04/10/25 12:11:27 PM	
72	900	1147	1	04/10/25 12:11:28 PM	
73	900	1137	1	04/10/25 12:11:29 PM	
74	900	1170	1	04/10/25 12:11:31 PM	
75	900	1130	1	04/10/25 12:11:32 PM	
76	900	1161	1	04/10/25 12:11:33 PM	
77	900	1151	1	04/10/25 12:11:34 PM	
78	900	1149	1	04/10/25 12:11:35 PM	
79	900	1163	1	04/10/25 12:11:37 PM	
80	900	1119	1	04/10/25 12:11:38 PM	
81	900	1170	1	04/10/25 12:11:39 PM	
82	900	1141	1	04/10/25 12:11:40 PM	
83	900	1171	1	04/10/25 12:11:41 PM	
84	900	1149	1	04/10/25 12:11:43 PM	
85	900	1139	1	04/10/25 12:11:44 PM	
86	900	1165	1	04/10/25 12:11:45 PM	
87	900	1142	1	04/10/25 12:11:46 PM	
88	900	1163	1	04/10/25 12:11:47 PM	
89	900	1149	1	04/10/25 12:11:49 PM	
90	900	1146	1	04/10/25 12:11:50 PM	
91	900	1162	1	04/10/25 12:11:51 PM	
92	900	1160	1	04/10/25 12:11:52 PM	
93	900	1139	1	04/10/25 12:11:53 PM	
94	900	1180	1	04/10/25 12:11:54 PM	
95	900	1141	1	04/10/25 12:11:56 PM	
96	900	1172	1	04/10/25 12:11:57 PM	
97	900	1154	1	04/10/25 12:11:58 PM	
98	900	1165	1	04/10/25 12:11:59 PM	
99	900	1163	1	04/10/25 12:12:00 PM	
100	900	1163	1	04/10/25 12:12:02 PM	
101	900	1153	1	04/10/25 12:12:03 PM	
102	900	1155	1	04/10/25 12:12:04 PM	
103	900	1146	1	04/10/25 12:12:05 PM	
104	900	1169	1	04/10/25 12:12:06 PM	
105	900	1161	1	04/10/25 12:12:08 PM	
106	900	1152	1	04/10/25 12:12:09 PM	
107	900	1128	1	04/10/25 12:12:10 PM	
108	900	1145	1	04/10/25 12:12:11 PM	
109	900	1158	1	04/10/25 12:12:13 PM	
110	900	1176	1	04/10/25 12:12:14 PM	
111	900	1170	1	04/10/25 12:12:15 PM	
112	900	1145	1	04/10/25 12:12:16 PM	
113	900	1172	1	04/10/25 12:12:17 PM	
114	900	1163	1	04/10/25 12:12:19 PM	
115	900	1170	1	04/10/25 12:12:20 PM	
116	900	1185	1	04/10/25 12:12:21 PM	
117	900	1172	1	04/10/25 12:12:22 PM	
118	900	1179	1	04/10/25 12:12:23 PM	
119	900	1188	1	04/10/25 12:12:25 PM	
120	900	1168	1	04/10/25 12:12:26 PM	
121	900	1148	1	04/10/25 12:12:27 PM	
122	900	1172	1	04/10/25 12:12:28 PM	
123	900	1132	1	04/10/25 12:12:29 PM	
124	900	1131	1	04/10/25 12:12:30 PM	
125	900	1182	1	04/10/25 12:12:32 PM	
126	900	1156	1	04/10/25 12:12:33 PM	
127	900	1157	1	04/10/25 12:12:34 PM	
128	900	1154	1	04/10/25 12:12:35 PM	
129	900	1167	1	04/10/25 12:12:37 PM	
130	900	1162	1	04/10/25 12:12:38 PM	
131	900	1183	1	04/10/25 12:12:39 PM	
132	900	1174	1	04/10/25 12:12:40 PM	
133	900	1169	1	04/10/25 12:12:41 PM	
134	900	1168	1	04/10/25 12:12:42 PM	
135	900	1179	1	04/10/25 12:12:44 PM	
136	900	1173	1	04/10/25 12:12:45 PM	
137	900	1170	1	04/10/25 12:12:46 PM	
138	900	1183	1	04/10/25 12:12:47 PM	
139	900	1138	1	04/10/25 12:12:49 PM	
140	900	1159	1	04/10/25 12:12:50 PM	
141	900	1117	1	04/10/25 12:12:51 PM	
142	900	1149	1	04/10/25 12:12:52 PM	
143	900	1147	1	04/10/25 12:12:53 PM	
144	900	1148	1	04/10/25 12:12:55 PM	
145	900	1155	1	04/10/25 12:12:56 PM	
146	900	1175	1	04/10/25 12:12:57 PM	
147	900	1149	1	04/10/25 12:12:58 PM	
148	900	1171	1	04/10/25 12:13:00 PM	
149	900	1178	1	04/10/25 12:13:01 PM	
150	900	1157	1	04/10/25 12:13:02 PM	
151	900	1150	1	04/10/25 12:13:03 PM	
152	900	1143	1	04/10/25 12:13:04 PM	
153	900	1168	1	04/10/25 12:13:06 PM	
154	900	1147	1	04/10/25 12:13:07 PM	
155	900	1172	1	04/10/25 12:13:08 PM	
156	900	1149	1	04/10/25 12:13:09 PM	
157	900	1150	1	04/10/25 12:13:10 PM	
158	900	1145	1	04/10/25 12:13:12 PM	
159	900	1148	1	04/10/25 12:13:13 PM	
160	900	1159	1	04/10/25 12:13:14 PM	
161	900	1139	1	04/10/25 12:13:15 PM	
162	900	1186	1	04/10/25 12:13:16 PM	
163	900	1170	1	04/10/25 12:13:18 PM	
164	900	1160	1	04/10/25 12:13:19 PM	
165	900	1158	1	04/10/25 12:13:20 PM	
166	900	1190	1	04/10/25 12:13:21 PM	
167	900	1149	1	04/10/25 12:13:23 PM	
168	900	1159	1	04/10/25 12:13:24 PM	
169	900	1149	1	04/10/25 12:13:25 PM	
170	900	1159	1	04/10/25 12:13:26 PM	
171	900	1170	1	04/10/25 12:13:27 PM	
172	900	1173	1	04/10/25 12:13:29 PM	
173	900	1172	1	04/10/25 12:13:30 PM	
174	900	1180	1	04/10/25 12:13:31 PM	
175	900	1142	1	04/10/25 12:13:32 PM	
176	900	1165	1	04/10/25 12:13:34 PM	
177	900	1172	1	04/10/25 12:13:35 PM	
178	900	1160	1	04/10/25 12:13:36 PM	
179	900	1135	1	04/10/25 12:13:37 PM	
180	900	1182	1	04/10/25 12:13:38 PM	
181	900	1177	1	04/10/25 12:13:40 PM	
182	900	1137	1	04/10/25 12:13:41 PM	
183	900	1136	1	04/10/25 12:13:42 PM	
184	900	1139	1	04/10/25 12:13:43 PM	
185	900	1155	1	04/10/25 12:13:44 PM	
186	900	1178	1	04/10/25 12:13:46 PM	
187	900	1151	1	04/10/25 12:13:47 PM	
188	900	1147	1	04/10/25 12:13:48 PM	
189	900	1170	1	04/10/25 12:13:49 PM	
190	900	1150	1	04/10/25 12:13:50 PM	
191	900	1147	1	04/10/25 12:13:52 PM	
192	900	1161	1	04/10/25 12:13:53 PM	
193	900	1164	1	04/10/25 12:13:54 PM	
194	900	1163	1	04/10/25 12:13:55 PM	
195	900	1150	1	04/10/25 12:13:57 PM	
196	900	1160	1	04/10/25 12:13:58 PM	
197	900	1159	1	04/10/25 12:13:59 PM	
198	900	1184	1	04/10/25 12:14:00 PM	
199	900	1174	1	04/10/25 12:14:01 PM	
200	900	1149	1	04/10/25 12:14:02 PM	
201	900	1147	1	04/10/25 12:14:04 PM	
202	900	1175	1	04/10/25 12:14:05 PM	
203	900	1179	1	04/10/25 12:14:06 PM	
204	900	1151	1	04/10/25 12:14:07 PM	
205	900	1171	1	04/10/25 12:14:08 PM	
206	900	1152	1	04/10/25 12:14:10 PM	
207	900	1136	1	04/10/25 12:14:11 PM	
208	900	1148	1	04/10/25 12:14:12 PM	
209	900	1142	1	04/10/25 12:14:13 PM	
210	900	1185	1	04/10/25 12:14:14 PM	
211	900	1184	1	04/10/25 12:14:16 PM	
212	900	1173	1	04/10/25 12:14:17 PM	
213	900	1177	1	04/10/25 12:14:18 PM	
214	900	1158	1	04/10/25 12:14:19 PM	
215	900	1167	1	04/10/25 12:14:20 PM	
216	900	1142	1	04/10/25 12:14:21 PM	
217	900	1170	1	04/10/25 12:14:23 PM	
218	900	1174	1	04/10/25 12:14:24 PM	
219	900	1162	1	04/10/25 12:14:25 PM	
220	900	1161	1	04/10/25 12:14:26 PM	
221	900	1149	1	04/10/25 12:14:27 PM	
222	900	1163	1	04/10/25 12:14:29 PM	
223	900	1166	1	04/10/25 12:14:30 PM	
224	900	1142	1	04/10/25 12:14:31 PM	
225	900	1165	1	04/10/25 12:14:32 PM	
226	900	1183	1	04/10/25 12:14:33 PM	
227	900	1171	1	04/10/25 12:14:34 PM	
228	900	1137	1	04/10/25 12:14:36 PM	
229	900	1153	1	04/10/25 12:14:37 PM	
230	900	1188	1	04/10/25 12:14:38 PM	
231	900	1186	1	04/10/25 12:14:39 PM	
232	900	1133	1	04/10/25 12:14:40 PM	
233	900	1146	1	04/10/25 12:14:42 PM	
234	900	1185	1	04/10/25 12:14:43 PM	
235	900	1167	1	04/10/25 12:14:44 PM	
236	900	1153	1	04/10/25 12:14:45 PM	
237	900	1186	1	04/10/25 12:14:46 PM	
238	900	1143	1	04/10/25 12:14:47 PM	
239	900	1155	1	04/10/25 12:14:49 PM	
240	900	1178	1	04/10/25 12:14:50 PM	
241	900	1139	1	04/10/25 12:14:51 PM	
242	900	1180	1	04/10/25 12:14:52 PM	
243	900	1183	1	04/10/25 12:14:53 PM	
244	900	1113	1	04/10/25 12:14:54 PM	
245	900	1154	1	04/10/25 12:14:56 PM	
246	900	1173	1	04/10/25 12:14:57 PM	
247	900	1133	1	04/10/25 12:14:58 PM	
248	900	1175	1	04/10/25 12:14:59 PM	
249	900	1147	1	04/10/25 12:15:00 PM	
250	900	1152	1	04/10/25 12:15:02 PM	
251	900	1175	1	04/10/25 12:15:03 PM	
252	900	1164	1	04/10/25 12:15:04 PM	
253	900	1161	1	04/10/25 12:15:05 PM	
254	900	1171	1	04/10/25 12:15:06 PM	
255	900	1165	1	04/10/25 12:15:08 PM	
256	900	1173	1	04/10/25 12:15:09 PM	
257	900	1158	1	04/10/25 12:15:10 PM	
258	900	1177	1	04/10/25 12:15:11 PM	
259	900	1133	1	04/10/25 12:15:12 PM	
260	900	1167	1	04/10/25 12:15:13 PM	
261	900	1168	1	04/10/25 12:15:15 PM	
262	900	1157	1	04/10/25 12:15:16 PM	
263	900	1168	1	04/10/25 12:15:17 PM	
264	900	1153	1	04/10/25 12:15:18 PM	
265	900	1170	1	04/10/25 12:15:20 PM	
266	900	1147	1	04/10/25 12:15:21 PM	
267	900	1155	1	04/10/25 12:15:22 PM	
268	900	1152	1	04/10/25 12:15:23 PM	
269	900	1187	1	04/10/25 12:15:24 PM	
270	900	1169	1	04/10/25 12:15:25 PM	
271	900	1187	1	04/10/25 12:15:27 PM	
272	900	1178	1	04/10/25 12:15:28 PM	
273	900	1154	1	04/10/25 12:15:29 PM	
274	900	1163	1	04/10/25 12:15:30 PM	
275	900	1142	1	04/10/25 12:15:31 PM	
276	900	1141	1	04/10/25 12:15:33 PM	
277	900	1166	1	04/10/25 12:15:34 PM	
278	900	1181	1	04/10/25 12:15:35 PM	
279	900	1179	1	04/10/25 12:15:36 PM	
280	900	1143	1	04/10/25 12:15:37 PM	
281	900	1175	1	04/10/25 12:15:38 PM	
282	900	1179	1	04/10/25 12:15:40 PM	
283	900	1173	1	04/10/25 12:15:41 PM	
284	900	1216	1	04/10/25 12:15:42 PM	
285	900	1172	1	04/10/25 12:15:43 PM	
286	900	1164	1	04/10/25 12:15:44 PM	
287	900	1183	1	04/10/25 12:15:46 PM	
288	900	1144	1	04/10/25 12:15:47 PM	
289	900	1138	1	04/10/25 12:15:48 PM	
290	900	1142	1	04/10/25 12:15:49 PM	
291	900	1180	1	04/10/25 12:15:50 PM	
292	900	1186	1	04/10/25 12:15:51 PM	
293	900	1176	1	04/10/25 12:15:53 PM	
294	900	1168	1	04/10/25 12:15:54 PM	
295	900	1179	1	04/10/25 12:15:55 PM	
296	900	1135	1	04/10/25 12:15:56 PM	
297	900	1166	1	04/10/25 12:15:57 PM	
298	900	1161	1	04/10/25 12:15:59 PM	
299	900	1182	1	04/10/25 12:16:00 PM	
300	900	1168	1	04/10/25 12:16:01 PM	
301	900	1189	1	04/10/25 12:16:02 PM	
302	900	1170	1	04/10/25 12:16:03 PM	
303	900	1142	1	04/10/25 12:16:05 PM	
304	900	1158	1	04/10/25 12:16:06 PM	
305	900	1129	1	04/10/25 12:16:07 PM	
306	900	1138	1	04/10/25 12:16:08 PM	
307	900	1160	1	04/10/25 12:16:09 PM	
308	900	1161	1	04/10/25 12:16:11 PM	
309	900	1134	1	04/10/25 12:16:12 PM	
310	900	1155	1	04/10/25 12:16:13 PM	
311	900	1151	1	04/10/25 12:16:14 PM	
312	900	1147	1	04/10/25 12:16:15 PM	
313	900	1169	1	04/10/25 12:16:17 PM	
314	900	1163	1	04/10/25 12:16:18 PM	
315	900	1147	1	04/10/25 12:16:19 PM	
316	900	1167	1	04/10/25 12:16:20 PM	
317	900	1156	1	04/10/25 12:16:21 PM	
318	900	1173	1	04/10/25 12:16:22 PM	
319	900	1175	1	04/10/25 12:16:24 PM	
320	900	1146	1	04/10/25 12:16:25 PM	
321	900	1148	1	04/10/25 12:16:26 PM	
322	900	1168	1	04/10/25 12:16:27 PM	
323	900	1164	1	04/10/25 12:16:28 PM	
324	900	1160	1	04/10/25 12:16:30 PM	
325	900	1171	1	04/10/25 12:16:31 PM	
326	900	1161	1	04/10/25 12:16:32 PM	
327	900	1182	1	04/10/25 12:16:33 PM	
328	900	1174	1	04/10/25 12:16:34 PM	
329	900	1162	1	04/10/25 12:16:36 PM	
330	900	1155	1	04/10/25 12:16:37 PM	
331	900	1207	1	04/10/25 12:16:38 PM	
332	900	1184	1	04/10/25 12:16:39 PM	
333	900	1167	1	04/10/25 12:16:40 PM	
334	900	1157	1	04/10/25 12:16:42 PM	
335	900	1160	1	04/10/25 12:16:43 PM	
336	900	1164	1	04/10/25 12:16:44 PM	
337	900	1153	1	04/10/25 12:16:45 PM	
338	900	1176	1	04/10/25 12:16:46 PM	
339	900	1187	1	04/10/25 12:16:47 PM	
340	900	1171	1	04/10/25 12:16:49 PM	
341	900	1174	1	04/10/25 12:16:50 PM	
342	900	1177	1	04/10/25 12:16:51 PM	
343	900	1164	1	04/10/25 12:16:52 PM	
344	900	1194	1	04/10/25 12:16:53 PM	
345	900	1169	1	04/10/25 12:16:55 PM	
346	900	1211	1	04/10/25 12:16:56 PM	
347	900	1167	1	04/10/25 12:16:57 PM	
348	900	1146	1	04/10/25 12:16:58 PM	
349	900	1157	1	04/10/25 12:16:59 PM	
350	900	1179	1	04/10/25 12:17:00 PM	
351	900	1187	1	04/10/25 12:17:02 PM	
352	900	1164	1	04/10/25 12:17:03 PM	
353	900	1180	1	04/10/25 12:17:04 PM	
354	900	1134	1	04/10/25 12:17:05 PM	
355	900	1163	1	04/10/25 12:17:06 PM	
356	900	1152	1	04/10/25 12:17:08 PM	
357	900	1135	1	04/10/25 12:17:09 PM	
358	900	1168	1	04/10/25 12:17:10 PM	
359	900	1162	1	04/10/25 12:17:11 PM	
360	900	1169	1	04/10/25 12:17:12 PM	
361	900	1177	1	04/10/25 12:17:13 PM	
362	900	1162	1	04/10/25 12:17:15 PM	
363	900	1136	1	04/10/25 12:17:16 PM	
364	900	1152	1	04/10/25 12:17:17 PM	
365	900	1182	1	04/10/25 12:17:18 PM	
366	900	1179	1	04/10/25 12:17:19 PM	
367	900	1189	1	04/10/25 12:17:20 PM	
368	900	1162	1	04/10/25 12:17:22 PM	
369	900	1171	1	04/10/25 12:17:23 PM	
370	900	1146	1	04/10/25 12:17:24 PM	
371	900	1166	1	04/10/25 12:17:25 PM	
372	900	1177	1	04/10/25 12:17:26 PM	
373	900	1143	1	04/10/25 12:17:28 PM	
374	900	1174	1	04/10/25 12:17:29 PM	
375	900	1132	1	04/10/25 12:17:30 PM	
376	900	1148	1	04/10/25 12:17:31 PM	
377	900	1172	1	04/10/25 12:17:32 PM	
378	900	1144	1	04/10/25 12:17:34 PM	
379	900	1169	1	04/10/25 12:17:35 PM	
380	900	1193	1	04/10/25 12:17:36 PM	
381	900	1149	1	04/10/25 12:17:37 PM	
382	900	1194	1	04/10/25 12:17:38 PM	
383	900	1141	1	04/10/25 12:17:39 PM	
384	900	1151	1	04/10/25 12:17:41 PM	
385	900	1165	1	04/10/25 12:17:42 PM	
386	900	1149	1	04/10/25 12:17:43 PM	
387	900	1158	1	04/10/25 12:17:44 PM	
388	900	1169	1	04/10/25 12:17:45 PM	
389	900	1154	1	04/10/25 12:17:47 PM	
390	900	1141	1	04/10/25 12:17:48 PM	
391	900	1153	1	04/10/25 12:17:49 PM	
392	900	1160	1	04/10/25 12:17:50 PM	
393	900	1149	1	04/10/25 12:17:51 PM	
394	900	1160	1	04/10/25 12:17:53 PM	
395	900	1188	1	04/10/25 12:17:54 PM	
396	900	1171	1	04/10/25 12:17:55 PM	
397	900	1175	1	04/10/25 12:17:56 PM	
398	900	1149	1	04/10/25 12:17:57 PM	
399	900	1153	1	04/10/25 12:17:59 PM	
400	900	1154	1	04/10/25 12:18:00 PM	
401	900	1185	1	04/10/25 12:18:01 PM	
402	900	1164	1	04/10/25 12:18:02 PM	
403	900	1174	1	04/10/25 12:18:04 PM	
404	900	1154	1	04/10/25 12:18:05 PM	
405	900	1152	1	04/10/25 12:18:06 PM	
406	900	1153	1	04/10/25 12:18:07 PM	
407	900	1166	1	04/10/25 12:18:08 PM	
408	900	1141	1	04/10/25 12:18:09 PM	
409	900	1144	1	04/10/25 12:18:11 PM	
410	900	1170	1	04/10/25 12:18:12 PM	
411	900	1160	1	04/10/25 12:18:13 PM	
412	900	1168	1	04/10/25 12:18:14 PM	
413	900	1159	1	04/10/25 12:18:16 PM	
414	900	1139	1	04/10/25 12:18:17 PM	
415	900	1156	1	04/10/25 12:18:18 PM	
416	900	1181	1	04/10/25 12:18:19 PM	
417	900	1156	1	04/10/25 12:18:20 PM	
418	900	1181	1	04/10/25 12:18:22 PM	
419	900	1166	1	04/10/25 12:18:23 PM	
420	900	1143	1	04/10/25 12:18:24 PM	
421	900	1174	1	04/10/25 12:18:25 PM	
422	900	1161	1	04/10/25 12:18:26 PM	
423	900	1132	1	04/10/25 12:18:28 PM	
424	900	1154	1	04/10/25 12:18:29 PM	
425	900	1182	1	04/10/25 12:18:30 PM	
426	900	1174	1	04/10/25 12:18:31 PM	
427	900	1127	1	04/10/25 12:18:32 PM	
428	900	1161	1	04/10/25 12:18:34 PM	
429	900	1174	1	04/10/25 12:18:35 PM	
430	900	1139	1	04/10/25 12:18:36 PM	
431	900	1177	1	04/10/25 12:18:37 PM	
432	900	1183	1	04/10/25 12:18:38 PM	
433	900	1138	1	04/10/25 12:18:40 PM	
434	900	1181	1	04/10/25 12:18:41 PM	
435	900	1187	1	04/10/25 12:18:42 PM	
436	900	1185	1	04/10/25 12:18:43 PM	
437	900	1174	1	04/10/25 12:18:44 PM	
438	900	1201	1	04/10/25 12:18:46 PM	
439	900	1139	1	04/10/25 12:18:47 PM	
440	900	1149	1	04/10/25 12:18:48 PM	
441	900	1162	1	04/10/25 12:18:49 PM	
442	900	1155	1	04/10/25 12:18:50 PM	
443	900	1150	1	04/10/25 12:18:52 PM	
444	900	1165	1	04/10/25 12:18:53 PM	
445	900	1206	1	04/10/25 12:18:54 PM	
446	900	1127	1	04/10/25 12:18:55 PM	
447	900	1182	1	04/10/25 12:18:56 PM	
448	900	1172	1	04/10/25 12:18:58 PM	
449	900	1140	1	04/10/25 12:18:59 PM	
450	900	1170	1	04/10/25 12:19:00 PM	
451	900	1142	1	04/10/25 12:19:01 PM	
452	900	1155	1	04/10/25 12:19:02 PM	
453	900	1196	1	04/10/25 12:19:04 PM	
454	900	1167	1	04/10/25 12:19:05 PM	
455	900	1150	1	04/10/25 12:19:06 PM	
456	900	1185	1	04/10/25 12:19:07 PM	
457	900	1159	1	04/10/25 12:19:08 PM	
458	900	1123	1	04/10/25 12:19:10 PM	
459	900	1175	1	04/10/25 12:19:11 PM	
460	900	1200	1	04/10/25 12:19:12 PM	
461	900	1166	1	04/10/25 12:19:13 PM	
462	900	1158	1	04/10/25 12:19:14 PM	
463	900	1171	1	04/10/25 12:19:15 PM	
464	900	1165	1	04/10/25 12:19:17 PM	
465	900	1180	1	04/10/25 12:19:18 PM	
466	900	1166	1	04/10/25 12:19:19 PM	
467	900	1172	1	04/10/25 12:19:20 PM	
468	900	1143	1	04/10/25 12:19:22 PM	
469	900	1160	1	04/10/25 12:19:23 PM	
470	900	1172	1	04/10/25 12:19:24 PM	
471	900	1149	1	04/10/25 12:19:25 PM	
472	900	1144	1	04/10/25 12:19:26 PM	
473	900	1193	1	04/10/25 12:19:27 PM	
474	900	1156	1	04/10/25 12:19:29 PM	
475	900	1165	1	04/10/25 12:19:30 PM	
476	900	1182	1	04/10/25 12:19:31 PM	
477	900	1155	1	04/10/25 12:19:32 PM	
478	900	1164	1	04/10/25 12:19:33 PM	
479	900	1139	1	04/10/25 12:19:35 PM	
480	900	1172	1	04/10/25 12:19:36 PM	
481	900	1161	1	04/10/25 12:19:37 PM	
482	900	1161	1	04/10/25 12:19:38 PM	
483	900	1140	1	04/10/25 12:19:39 PM	
484	900	1154	1	04/10/25 12:19:41 PM	
485	900	1167	1	04/10/25 12:19:42 PM	
486	900	1144	1	04/10/25 12:19:43 PM	
487	900	1172	1	04/10/25 12:19:44 PM	
488	900	1177	1	04/10/25 12:19:45 PM	
489	900	1174	1	04/10/25 12:19:47 PM	
490	900	1149	1	04/10/25 12:19:48 PM	
491	900	1163	1	04/10/25 12:19:49 PM	
492	900	1165	1	04/10/25 12:19:50 PM	
493	900	1186	1	04/10/25 12:19:51 PM	
494	900	1142	1	04/10/25 12:19:53 PM	
495	900	1148	1	04/10/25 12:19:54 PM	
496	900	1162	1	04/10/25 12:19:55 PM	
497	900	1168	1	04/10/25 12:19:56 PM	
498	900	1175	1	04/10/25 12:19:57 PM	
499	900	1176	1	04/10/25 12:19:59 PM	
500	900	1166	1	04/10/25 12:20:00 PM	
501	900	1127	1	04/10/25 12:20:01 PM	
502	900	1152	1	04/10/25 12:20:02 PM	
503	900	1172	1	04/10/25 12:20:04 PM	
504	900	1153	1	04/10/25 12:20:05 PM	
505	900	1169	1	04/10/25 12:20:06 PM	
506	900	1174	1	04/10/25 12:20:07 PM	
507	900	1158	1	04/10/25 12:20:08 PM	
508	900	1175	1	04/10/25 12:20:10 PM	
509	900	1182	1	04/10/25 12:20:11 PM	
510	900	1157	1	04/10/25 12:20:12 PM	
511	900	1191	1	04/10/25 12:20:13 PM	
512	900	1182	1	04/10/25 12:20:14 PM	
513	900	1152	1	04/10/25 12:20:15 PM	
514	900	1186	1	04/10/25 12:20:17 PM	
515	900	1176	1	04/10/25 12:20:18 PM	
516	900	1161	1	04/10/25 12:20:19 PM	
517	900	1171	1	04/10/25 12:20:20 PM	
518	900	1173	1	04/10/25 12:20:22 PM	
519	900	1137	1	04/10/25 12:20:23 PM	
520	900	1163	1	04/10/25 12:20:24 PM	
521	900	1178	1	04/10/25 12:20:25 PM	
522	900	1182	1	04/10/25 12:20:26 PM	
523	900	1152	1	04/10/25 12:20:28 PM	
524	900	1153	1	04/10/25 12:20:29 PM	
525	900	1151	1	04/10/25 12:20:30 PM	
526	900	1164	1	04/10/25 12:20:31 PM	
527	900	1138	1	04/10/25 12:20:32 PM	
528	900	1201	1	04/10/25 12:20:34 PM	
529	900	1177	1	04/10/25 12:20:35 PM	
530	900	1146	1	04/10/25 12:20:36 PM	
531	900	1146	1	04/10/25 12:20:37 PM	
532	900	1148	1	04/10/25 12:20:38 PM	
533	900	1157	1	04/10/25 12:20:40 PM	
534	900	1146	1	04/10/25 12:20:41 PM	
535	900	1164	1	04/10/25 12:20:42 PM	
536	900	1147	1	04/10/25 12:20:43 PM	
537	900	1192	1	04/10/25 12:20:44 PM	
538	900	1164	1	04/10/25 12:20:46 PM	
539	900	1158	1	04/10/25 12:20:47 PM	
540	900	1170	1	04/10/25 12:20:48 PM	
541	900	1151	1	04/10/25 12:20:49 PM	
542	900	1171	1	04/10/25 12:20:50 PM	
543	900	1193	1	04/10/25 12:20:52 PM	
544	900	1158	1	04/10/25 12:20:53 PM	
545	900	1129	1	04/10/25 12:20:54 PM	
546	900	1182	1	04/10/25 12:20:55 PM	
547	900	1176	1	04/10/25 12:20:56 PM	
548	900	1164	1	04/10/25 12:20:58 PM	
549	900	1146	1	04/10/25 12:20:59 PM	
550	900	1138	1	04/10/25 12:21:00 PM	
551	900	1167	1	04/10/25 12:21:01 PM	
552	900	1147	1	04/10/25 12:21:02 PM	
553	900	1164	1	04/10/25 12:21:04 PM	
554	900	1180	1	04/10/25 12:21:05 PM	
555	900	1176	1	04/10/25 12:21:06 PM	
556	900	1130	1	04/10/25 12:21:07 PM	
557	900	1138	1	04/10/25 12:21:08 PM	
558	900	1139	1	04/10/25 12:21:10 PM	
559	900	1154	1	04/10/25 12:21:11 PM	
560	900	1141	1	04/10/25 12:21:12 PM	
561	900	1162	1	04/10/25 12:21:13 PM	
562	900	1184	1	04/10/25 12:21:15 PM	
563	900	1189	1	04/10/25 12:21:16 PM	
564	900	1194	1	04/10/25 12:21:17 PM	
565	900	1164	1	04/10/25 12:21:18 PM	
566	900	1173	1	04/10/25 12:21:19 PM	
567	900	1156	1	04/10/25 12:21:21 PM	
568	900	1168	1	04/10/25 12:21:22 PM	
569	900	1159	1	04/10/25 12:21:23 PM	
570	900	1148	1	04/10/25 12:21:24 PM	
571	900	1150	1	04/10/25 12:21:25 PM	
572	900	1161	1	04/10/25 12:21:27 PM	
573	900	1145	1	04/10/25 12:21:28 PM	
574	900	1169	1	04/10/25 12:21:29 PM	
575	900	1153	1	04/10/25 12:21:30 PM	
576	900	1179	1	04/10/25 12:21:32 PM	
577	900	1158	1	04/10/25 12:21:33 PM	
578	900	1155	1	04/10/25 12:21:34 PM	
579	900	1160	1	04/10/25 12:21:35 PM	
580	900	1148	1	04/10/25 12:21:36 PM	
581	900	1155	1	04/10/25 12:21:38 PM	
582	900	1156	1	04/10/25 12:21:39 PM	
583	900	1173	1	04/10/25 12:21:40 PM	
584	900	1170	1	04/10/25 12:21:41 PM	
585	900	1160	1	04/10/25 12:21:42 PM	
586	900	1154	1	04/10/25 12:21:44 PM	
587	900	1144	1	04/10/25 12:21:45 PM	
588	900	1163	1	04/10/25 12:21:46 PM	
589	900	1164	1	04/10/25 12:21:47 PM	
590	900	1176	1	04/10/25 12:21:49 PM	
591	900	1140	1	04/10/25 12:21:50 PM	
592	900	1172	1	04/10/25 12:21:51 PM	
593	900	1158	1	04/10/25 12:21:52 PM	
594	900	1147	1	04/10/25 12:21:53 PM	
595	900	1149	1	04/10/25 12:21:54 PM	
596	900	1182	1	04/10/25 12:21:56 PM	
597	900	1146	1	04/10/25 12:21:57 PM	
598	900	1148	1	04/10/25 12:21:58 PM	
599	900	1155	1	04/10/25 12:21:59 PM	
600	900	1159	1	04/10/25 12:22:00 PM	
601	900	1134	1	04/10/25 12:22:01 PM	
602	900	1156	1	04/10/25 12:22:03 PM	
603	900	1186	1	04/10/25 12:22:04 PM	
604	900	1158	1	04/10/25 12:22:05 PM	
605	900	1169	1	04/10/25 12:22:06 PM	
606	900	1188	1	04/10/25 12:22:07 PM	
607	900	1174	1	04/10/25 12:22:09 PM	
608	900	1157	1	04/10/25 12:22:10 PM	
609	900	1142	1	04/10/25 12:22:11 PM	
610	900	1178	1	04/10/25 12:22:12 PM	
611	900	1172	1	04/10/25 12:22:13 PM	
612	900	1152	1	04/10/25 12:22:15 PM	
613	900	1156	1	04/10/25 12:22:16 PM	
614	900	1148	1	04/10/25 12:22:17 PM	
615	900	1136	1	04/10/25 12:22:18 PM	
616	900	1164	1	04/10/25 12:22:19 PM	
617	900	1147	1	04/10/25 12:22:20 PM	
618	900	1160	1	04/10/25 12:22:22 PM	
619	900	1148	1	04/10/25 12:22:23 PM	
620	900	1178	1	04/10/25 12:22:24 PM	
621	900	1124	1	04/10/25 12:22:25 PM	
622	900	1154	1	04/10/25 12:22:26 PM	
623	900	1166	1	04/10/25 12:22:28 PM	
624	900	1196	1	04/10/25 12:22:29 PM	
625	900	1174	1	04/10/25 12:22:30 PM	
626	900	1148	1	04/10/25 12:22:31 PM	
627	900	1172	1	04/10/25 12:22:32 PM	
628	900	1172	1	04/10/25 12:22:34 PM	
629	900	1157	1	04/10/25 12:22:35 PM	
630	900	1127	1	04/10/25 12:22:36 PM	
631	900	1140	1	04/10/25 12:22:37 PM	
632	900	1124	1	04/10/25 12:22:38 PM	
633	900	1161	1	04/10/25 12:22:40 PM	
634	900	1167	1	04/10/25 12:22:41 PM	
635	900	1160	1	04/10/25 12:22:42 PM	
636	900	1150	1	04/10/25 12:22:43 PM	
637	900	1143	1	04/10/25 12:22:44 PM	
638	900	1139	1	04/10/25 12:22:45 PM	
639	900	1158	1	04/10/25 12:22:47 PM	
640	900	1181	1	04/10/25 12:22:48 PM	
641	900	1143	1	04/10/25 12:22:49 PM	
642	900	1167	1	04/10/25 12:22:50 PM	
643	900	1165	1	04/10/25 12:22:51 PM	
644	900	1151	1	04/10/25 12:22:53 PM	
645	900	1106	1	04/10/25 12:22:54 PM	
646	900	1173	1	04/10/25 12:22:55 PM	
647	900	1156	1	04/10/25 12:22:56 PM	
648	900	1171	1	04/10/25 12:22:57 PM	
649	900	1155	1	04/10/25 12:22:59 PM	
650	900	1157	1	04/10/25 12:23:00 PM	
651	900	1169	1	04/10/25 12:23:01 PM	
652	900	1150	1	04/10/25 12:23:02 PM	
653	900	1154	1	04/10/25 12:23:03 PM	
654	900	1198	1	04/10/25 12:23:05 PM	
655	900	1128	1	04/10/25 12:23:06 PM	
656	900	1163	1	04/10/25 12:23:07 PM	
657	900	1157	1	04/10/25 12:23:08 PM	
658	900	1152	1	04/10/25 12:23:09 PM	
659	900	1170	1	04/10/25 12:23:10 PM	
660	900	1151	1	04/10/25 12:23:12 PM	
661	900	1189	1	04/10/25 12:23:13 PM	
662	900	1147	1	04/10/25 12:23:14 PM	
663	900	1149	1	04/10/25 12:23:15 PM	
664	900	1176	1	04/10/25 12:23:16 PM	
665	900	1131	1	04/10/25 12:23:18 PM	
666	900	1200	1	04/10/25 12:23:19 PM	
667	900	1166	1	04/10/25 12:23:20 PM	
668	900	1157	1	04/10/25 12:23:21 PM	
669	900	1195	1	04/10/25 12:23:22 PM	
670	900	1167	1	04/10/25 12:23:24 PM	
671	900	1126	1	04/10/25 12:23:25 PM	
672	900	1157	1	04/10/25 12:23:26 PM	
673	900	1169	1	04/10/25 12:23:27 PM	
674	900	1162	1	04/10/25 12:23:28 PM	
675	900	1205	1	04/10/25 12:23:30 PM	
676	900	1196	1	04/10/25 12:23:31 PM	
677	900	1155	1	04/10/25 12:23:32 PM	
678	900	1149	1	04/10/25 12:23:33 PM	
679	900	1189	1	04/10/25 12:23:34 PM	
680	900	1160	1	04/10/25 12:23:35 PM	
681	900	1159	1	04/10/25 12:23:37 PM	
682	900	1139	1	04/10/25 12:23:38 PM	
683	900	1172	1	04/10/25 12:23:39 PM	
684	900	1147	1	04/10/25 12:23:40 PM	
685	900	1169	1	04/10/25 12:23:41 PM	
686	900	1168	1	04/10/25 12:23:43 PM	
687	900	1154	1	04/10/25 12:23:44 PM	
688	900	1157	1	04/10/25 12:23:45 PM	
689	900	1149	1	04/10/25 12:23:46 PM	
690	900	1161	1	04/10/25 12:23:47 PM	
691	900	1128	1	04/10/25 12:23:48 PM	
692	900	1158	1	04/10/25 12:23:50 PM	
693	900	1174	1	04/10/25 12:23:51 PM	
694	900	1167	1	04/10/25 12:23:52 PM	
695	900	1160	1	04/10/25 12:23:53 PM	
696	900	1155	1	04/10/25 12:23:55 PM	
697	900	1158	1	04/10/25 12:23:56 PM	
698	900	1161	1	04/10/25 12:23:57 PM	
699	900	1138	1	04/10/25 12:23:58 PM	
700	900	1142	1	04/10/25 12:23:59 PM	
701	900	1150	1	04/10/25 12:24:01 PM	
702	900	1153	1	04/10/25 12:24:02 PM	
703	900	1175	1	04/10/25 12:24:03 PM	
704	900	1140	1	04/10/25 12:24:04 PM	
705	900	1166	1	04/10/25 12:24:05 PM	
706	900	1153	1	04/10/25 12:24:07 PM	
707	900	1169	1	04/10/25 12:24:08 PM	
708	900	1169	1	04/10/25 12:24:09 PM	
709	900	1145	1	04/10/25 12:24:10 PM	
710	900	1203	1	04/10/25 12:24:11 PM	
711	900	1164	1	04/10/25 12:24:13 PM	
712	900	1177	1	04/10/25 12:24:14 PM	
713	900	1175	1	04/10/25 12:24:15 PM	
714	900	1164	1	04/10/25 12:24:16 PM	
715	900	1184	1	04/10/25 12:24:17 PM	
716	900	1160	1	04/10/25 12:24:19 PM	
717	900	1178	1	04/10/25 12:24:20 PM	
718	900	1138	1	04/10/25 12:24:21 PM	
719	900	1153	1	04/10/25 12:24:22 PM	
720	900	1131	1	04/10/25 12:24:23 PM	
721	900	1155	1	04/10/25 12:24:25 PM	
722	900	1136	1	04/10/25 12:24:26 PM	
723	900	1167	1	04/10/25 12:24:27 PM	
724	900	1153	1	04/10/25 12:24:28 PM	
725	900	1142	1	04/10/25 12:24:29 PM	
726	900	1173	1	04/10/25 12:24:31 PM	
727	900	1157	1	04/10/25 12:24:32 PM	
728	900	1165	1	04/10/25 12:24:33 PM	
729	900	1164	1	04/10/25 12:24:34 PM	
730	900	1131	1	04/10/25 12:24:36 PM	
731	900	1153	1	04/10/25 12:24:37 PM	
732	900	1162	1	04/10/25 12:24:38 PM	
733	900	1164	1	04/10/25 12:24:39 PM	
734	900	1163	1	04/10/25 12:24:40 PM	
735	900	1161	1	04/10/25 12:24:42 PM	
736	900	1142	1	04/10/25 12:24:43 PM	
737	900	1153	1	04/10/25 12:24:44 PM	
738	900	1139	1	04/10/25 12:24:45 PM	
739	900	1178	1	04/10/25 12:24:46 PM	
740	900	1157	1	04/10/25 12:24:48 PM	
741	900	1158	1	04/10/25 12:24:49 PM	
742	900	1170	1	04/10/25 12:24:50 PM	
743	900	1211	1	04/10/25 12:24:51 PM	
744	900	1158	1	04/10/25 12:24:52 PM	
745	900	1132	1	04/10/25 12:24:54 PM	
746	900	1153	1	04/10/25 12:24:55 PM	
747	900	1160	1	04/10/25 12:24:56 PM	
748	900	1169	1	04/10/25 12:24:57 PM	
749	900	1200	1	04/10/25 12:24:58 PM	
750	900	1182	1	04/10/25 12:25:00 PM	
