-5.00E-04,-2.00E-02,,-5.00E-04,2.00E-02
-5.00E-04,-2.00E-02,,-5.00E-04,0
-4.99E-04,-4.00E-02,,-4.99E-04,2.00E-02
-4.99E-04,0,,-4.99E-04,-4.00E-02
-4.98E-04,-2.00E-02,,-4.98E-04,-2.00E-02
-4.98E-04,0,,-4.98E-04,0
-4.98E-04,0,,-4.98E-04,2.00E-02
-4.97E-04,0,,-4.97E-04,-4.00E-02
-4.97E-04,-2.00E-02,,-4.97E-04,2.00E-02
-4.96E-04,0,,-4.96E-04,2.00E-02
-4.96E-04,2.00E-02,,-4.96E-04,4.00E-02
-4.96E-04,-2.00E-02,,-4.96E-04,0
-4.95E-04,0,,-4.95E-04,-2.00E-02
-4.95E-04,-2.00E-02,,-4.95E-04,2.00E-02
-4.94E-04,2.00E-02,,-4.94E-04,2.00E-02
-4.94E-04,-2.00E-02,,-4.94E-04,2.00E-02
-4.94E-04,2.00E-02,,-4.94E-04,0
-4.93E-04,-2.00E-02,,-4.93E-04,-2.00E-02
-4.93E-04,0,,-4.93E-04,4.00E-02
-4.92E-04,0,,-4.92E-04,2.00E-02
-4.92E-04,0,,-4.92E-04,0
-4.92E-04,0,,-4.92E-04,0
-4.91E-04,0,,-4.91E-04,4.00E-02
-4.91E-04,0,,-4.91E-04,2.00E-02
-4.90E-04,2.00E-02,,-4.90E-04,2.00E-02
-4.90E-04,0,,-4.90E-04,0
-4.90E-04,-2.00E-02,,-4.90E-04,2.00E-02
-4.89E-04,0,,-4.89E-04,2.00E-02
-4.89E-04,4.00E-02,,-4.89E-04,0
-4.88E-04,4.00E-02,,-4.88E-04,2.00E-02
-4.88E-04,2.00E-02,,-4.88E-04,2.00E-02
-4.88E-04,2.00E-02,,-4.88E-04,-2.00E-02
-4.87E-04,2.00E-02,,-4.87E-04,0
-4.87E-04,0,,-4.87E-04,2.00E-02
-4.86E-04,-4.00E-02,,-4.86E-04,2.00E-02
-4.86E-04,-2.00E-02,,-4.86E-04,6.00E-02
-4.86E-04,0,,-4.86E-04,4.00E-02
-4.85E-04,0,,-4.85E-04,0
-4.85E-04,-2.00E-02,,-4.85E-04,2.00E-02
-4.84E-04,-2.00E-02,,-4.84E-04,4.00E-02
-4.84E-04,-2.00E-02,,-4.84E-04,2.00E-02
-4.84E-04,0,,-4.84E-04,0
-4.83E-04,0,,-4.83E-04,2.00E-02
-4.83E-04,-2.00E-02,,-4.83E-04,0
-4.82E-04,2.00E-02,,-4.82E-04,0
-4.82E-04,-6.00E-02,,-4.82E-04,4.00E-02
-4.82E-04,-2.00E-02,,-4.82E-04,0
-4.81E-04,-4.00E-02,,-4.81E-04,2.00E-02
-4.81E-04,-2.00E-02,,-4.81E-04,0
-4.80E-04,-4.00E-02,,-4.80E-04,2.00E-02
-4.80E-04,-4.00E-02,,-4.80E-04,2.00E-02
-4.80E-04,-4.00E-02,,-4.80E-04,0
-4.79E-04,-2.00E-02,,-4.79E-04,4.00E-02
-4.79E-04,0,,-4.79E-04,4.00E-02
-4.78E-04,-6.00E-02,,-4.78E-04,0
-4.78E-04,-4.00E-02,,-4.78E-04,0
-4.78E-04,-4.00E-02,,-4.78E-04,2.00E-02
-4.77E-04,-4.00E-02,,-4.77E-04,4.00E-02
-4.77E-04,-4.00E-02,,-4.77E-04,4.00E-02
-4.76E-04,-2.00E-02,,-4.76E-04,2.00E-02
-4.76E-04,-2.00E-02,,-4.76E-04,2.00E-02
-4.76E-04,-4.00E-02,,-4.76E-04,2.00E-02
-4.75E-04,-2.00E-02,,-4.75E-04,4.00E-02
-4.75E-04,-2.00E-02,,-4.75E-04,2.00E-02
-4.74E-04,0,,-4.74E-04,-2.00E-02
-4.74E-04,-2.00E-02,,-4.74E-04,-2.00E-02
-4.74E-04,0,,-4.74E-04,0
-4.73E-04,0,,-4.73E-04,0
-4.73E-04,0,,-4.73E-04,4.00E-02
-4.72E-04,-4.00E-02,,-4.72E-04,2.00E-02
-4.72E-04,0,,-4.72E-04,4.00E-02
-4.72E-04,-2.00E-02,,-4.72E-04,4.00E-02
-4.71E-04,0,,-4.71E-04,0
-4.71E-04,-2.00E-02,,-4.71E-04,-2.00E-02
-4.70E-04,0,,-4.70E-04,4.00E-02
-4.70E-04,-2.00E-02,,-4.70E-04,-2.00E-02
-4.70E-04,2.00E-02,,-4.70E-04,0
-4.69E-04,0,,-4.69E-04,2.00E-02
-4.69E-04,0,,-4.69E-04,-4.00E-02
-4.68E-04,-2.00E-02,,-4.68E-04,0
-4.68E-04,-2.00E-02,,-4.68E-04,2.00E-02
-4.68E-04,2.00E-02,,-4.68E-04,-2.00E-02
-4.67E-04,2.00E-02,,-4.67E-04,2.00E-02
-4.67E-04,-2.00E-02,,-4.67E-04,4.00E-02
-4.66E-04,0,,-4.66E-04,2.00E-02
-4.66E-04,-2.00E-02,,-4.66E-04,4.00E-02
-4.66E-04,0,,-4.66E-04,2.00E-02
-4.65E-04,0,,-4.65E-04,2.00E-02
-4.65E-04,0,,-4.65E-04,2.00E-02
-4.64E-04,-2.00E-02,,-4.64E-04,0
-4.64E-04,0,,-4.64E-04,2.00E-02
-4.64E-04,-2.00E-02,,-4.64E-04,4.00E-02
-4.63E-04,-2.00E-02,,-4.63E-04,2.00E-02
-4.63E-04,-2.00E-02,,-4.63E-04,-2.00E-02
-4.62E-04,2.00E-02,,-4.62E-04,0
-4.62E-04,2.00E-02,,-4.62E-04,4.00E-02
-4.62E-04,-2.00E-02,,-4.62E-04,2.00E-02
-4.61E-04,-2.00E-02,,-4.61E-04,0
-4.61E-04,-2.00E-02,,-4.61E-04,2.00E-02
-4.60E-04,-2.00E-02,,-4.60E-04,4.00E-02
-4.60E-04,0,,-4.60E-04,2.00E-02
-4.60E-04,-2.00E-02,,-4.60E-04,2.00E-02
-4.59E-04,2.00E-02,,-4.59E-04,2.00E-02
-4.59E-04,0,,-4.59E-04,0
-4.58E-04,-2.00E-02,,-4.58E-04,0
-4.58E-04,0,,-4.58E-04,2.00E-02
-4.58E-04,0,,-4.58E-04,0
-4.57E-04,0,,-4.57E-04,2.00E-02
-4.57E-04,0,,-4.57E-04,2.00E-02
-4.56E-04,0,,-4.56E-04,6.00E-02
-4.56E-04,0,,-4.56E-04,2.00E-02
-4.56E-04,0,,-4.56E-04,2.00E-02
-4.55E-04,0,,-4.55E-04,0
-4.55E-04,-2.00E-02,,-4.55E-04,4.00E-02
-4.54E-04,-2.00E-02,,-4.54E-04,2.00E-02
-4.54E-04,2.00E-02,,-4.54E-04,2.00E-02
-4.54E-04,2.00E-02,,-4.54E-04,0
-4.53E-04,0,,-4.53E-04,4.00E-02
-4.53E-04,0,,-4.53E-04,0
-4.52E-04,2.00E-02,,-4.52E-04,4.00E-02
-4.52E-04,-2.00E-02,,-4.52E-04,0
-4.52E-04,-2.00E-02,,-4.52E-04,0
-4.51E-04,0,,-4.51E-04,2.00E-02
-4.51E-04,0,,-4.51E-04,2.00E-02
-4.50E-04,-2.00E-02,,-4.50E-04,2.00E-02
-4.50E-04,0,,-4.50E-04,2.00E-02
-4.50E-04,0,,-4.50E-04,4.00E-02
-4.49E-04,-2.00E-02,,-4.49E-04,0
-4.49E-04,2.00E-02,,-4.49E-04,0
-4.48E-04,-2.00E-02,,-4.48E-04,2.00E-02
-4.48E-04,-2.00E-02,,-4.48E-04,0
-4.48E-04,-4.00E-02,,-4.48E-04,2.00E-02
-4.47E-04,-4.00E-02,,-4.47E-04,2.00E-02
-4.47E-04,-4.00E-02,,-4.47E-04,4.00E-02
-4.46E-04,-4.00E-02,,-4.46E-04,2.00E-02
-4.46E-04,0,,-4.46E-04,2.00E-02
-4.46E-04,-4.00E-02,,-4.46E-04,2.00E-02
-4.45E-04,-2.00E-02,,-4.45E-04,0
-4.45E-04,-2.00E-02,,-4.45E-04,4.00E-02
-4.44E-04,-4.00E-02,,-4.44E-04,0
-4.44E-04,-4.00E-02,,-4.44E-04,2.00E-02
-4.44E-04,0,,-4.44E-04,4.00E-02
-4.43E-04,-4.00E-02,,-4.43E-04,-2.00E-02
-4.43E-04,0,,-4.43E-04,0
-4.42E-04,-2.00E-02,,-4.42E-04,4.00E-02
-4.42E-04,-4.00E-02,,-4.42E-04,0
-4.42E-04,0,,-4.42E-04,0
-4.41E-04,-2.00E-02,,-4.41E-04,0
-4.41E-04,0,,-4.41E-04,2.00E-02
-4.40E-04,-2.00E-02,,-4.40E-04,2.00E-02
-4.40E-04,-2.00E-02,,-4.40E-04,4.00E-02
-4.40E-04,-2.00E-02,,-4.40E-04,0
-4.39E-04,2.00E-02,,-4.39E-04,2.00E-02
-4.39E-04,0,,-4.39E-04,-2.00E-02
-4.38E-04,0,,-4.38E-04,-2.00E-02
-4.38E-04,0,,-4.38E-04,2.00E-02
-4.38E-04,-2.00E-02,,-4.38E-04,2.00E-02
-4.37E-04,-2.00E-02,,-4.37E-04,4.00E-02
-4.37E-04,0,,-4.37E-04,2.00E-02
-4.36E-04,0,,-4.36E-04,0
-4.36E-04,0,,-4.36E-04,2.00E-02
-4.36E-04,2.00E-02,,-4.36E-04,0
-4.35E-04,0,,-4.35E-04,2.00E-02
-4.35E-04,2.00E-02,,-4.35E-04,2.00E-02
-4.34E-04,0,,-4.34E-04,2.00E-02
-4.34E-04,-2.00E-02,,-4.34E-04,0
-4.34E-04,0,,-4.34E-04,0
-4.33E-04,2.00E-02,,-4.33E-04,2.00E-02
-4.33E-04,4.00E-02,,-4.33E-04,2.00E-02
-4.32E-04,0,,-4.32E-04,2.00E-02
-4.32E-04,0,,-4.32E-04,4.00E-02
-4.32E-04,-2.00E-02,,-4.32E-04,4.00E-02
-4.31E-04,0,,-4.31E-04,2.00E-02
-4.31E-04,0,,-4.31E-04,4.00E-02
-4.30E-04,0,,-4.30E-04,2.00E-02
-4.30E-04,2.00E-02,,-4.30E-04,0
-4.30E-04,0,,-4.30E-04,0
-4.29E-04,0,,-4.29E-04,0
-4.29E-04,2.00E-02,,-4.29E-04,2.00E-02
-4.28E-04,-2.00E-02,,-4.28E-04,0
-4.28E-04,2.00E-02,,-4.28E-04,2.00E-02
-4.28E-04,-2.00E-02,,-4.28E-04,0
-4.27E-04,0,,-4.27E-04,2.00E-02
-4.27E-04,0,,-4.27E-04,2.00E-02
-4.26E-04,0,,-4.26E-04,2.00E-02
-4.26E-04,0,,-4.26E-04,2.00E-02
-4.26E-04,-2.00E-02,,-4.26E-04,4.00E-02
-4.25E-04,-2.00E-02,,-4.25E-04,2.00E-02
-4.25E-04,-2.00E-02,,-4.25E-04,0
-4.24E-04,-2.00E-02,,-4.24E-04,2.00E-02
-4.24E-04,0,,-4.24E-04,0
-4.24E-04,-2.00E-02,,-4.24E-04,4.00E-02
-4.23E-04,-4.00E-02,,-4.23E-04,-2.00E-02
-4.23E-04,0,,-4.23E-04,0
-4.22E-04,-2.00E-02,,-4.22E-04,0
-4.22E-04,-4.00E-02,,-4.22E-04,2.00E-02
-4.22E-04,-2.00E-02,,-4.22E-04,2.00E-02
-4.21E-04,-2.00E-02,,-4.21E-04,0
-4.21E-04,-2.00E-02,,-4.21E-04,4.00E-02
-4.20E-04,2.00E-02,,-4.20E-04,2.00E-02
-4.20E-04,0,,-4.20E-04,4.00E-02
-4.20E-04,0,,-4.20E-04,-4.00E-02
-4.19E-04,-4.00E-02,,-4.19E-04,-4.00E-02
-4.19E-04,-2.00E-02,,-4.19E-04,0
-4.18E-04,-2.00E-02,,-4.18E-04,2.00E-02
-4.18E-04,-2.00E-02,,-4.18E-04,0
-4.18E-04,-4.00E-02,,-4.18E-04,2.00E-02
-4.17E-04,-2.00E-02,,-4.17E-04,6.00E-02
-4.17E-04,0,,-4.17E-04,4.00E-02
-4.16E-04,0,,-4.16E-04,2.00E-02
-4.16E-04,0,,-4.16E-04,0
-4.16E-04,-2.00E-02,,-4.16E-04,2.00E-02
-4.15E-04,0,,-4.15E-04,0
-4.15E-04,0,,-4.15E-04,2.00E-02
-4.14E-04,2.00E-02,,-4.14E-04,0
-4.14E-04,-2.00E-02,,-4.14E-04,0
-4.14E-04,-2.00E-02,,-4.14E-04,2.00E-02
-4.13E-04,-2.00E-02,,-4.13E-04,2.00E-02
-4.13E-04,0,,-4.13E-04,2.00E-02
-4.12E-04,0,,-4.12E-04,2.00E-02
-4.12E-04,0,,-4.12E-04,0
-4.12E-04,-2.00E-02,,-4.12E-04,0
-4.11E-04,0,,-4.11E-04,2.00E-02
-4.11E-04,-2.00E-02,,-4.11E-04,0
-4.10E-04,-2.00E-02,,-4.10E-04,2.00E-02
-4.10E-04,-2.00E-02,,-4.10E-04,2.00E-02
-4.10E-04,0,,-4.10E-04,2.00E-02
-4.09E-04,0,,-4.09E-04,-2.00E-02
-4.09E-04,-2.00E-02,,-4.09E-04,2.00E-02
-4.08E-04,-2.00E-02,,-4.08E-04,2.00E-02
-4.08E-04,0,,-4.08E-04,0
-4.08E-04,-6.00E-02,,-4.08E-04,2.00E-02
-4.07E-04,0,,-4.07E-04,4.00E-02
-4.07E-04,0,,-4.07E-04,4.00E-02
-4.06E-04,0,,-4.06E-04,4.00E-02
-4.06E-04,-2.00E-02,,-4.06E-04,0
-4.06E-04,-2.00E-02,,-4.06E-04,4.00E-02
-4.05E-04,-2.00E-02,,-4.05E-04,0
-4.05E-04,-2.00E-02,,-4.05E-04,4.00E-02
-4.04E-04,-2.00E-02,,-4.04E-04,2.00E-02
-4.04E-04,2.00E-02,,-4.04E-04,0
-4.04E-04,-2.00E-02,,-4.04E-04,-2.00E-02
-4.03E-04,2.00E-02,,-4.03E-04,0
-4.03E-04,-2.00E-02,,-4.03E-04,4.00E-02
-4.02E-04,0,,-4.02E-04,2.00E-02
-4.02E-04,0,,-4.02E-04,0
-4.02E-04,-2.00E-02,,-4.02E-04,0
-4.01E-04,2.00E-02,,-4.01E-04,0
-4.01E-04,0,,-4.01E-04,2.00E-02
-4.00E-04,-2.00E-02,,-4.00E-04,0
-4.00E-04,-2.00E-02,,-4.00E-04,0
-4.00E-04,0,,-4.00E-04,2.00E-02
-3.99E-04,2.00E-02,,-3.99E-04,2.00E-02
-3.99E-04,0,,-3.99E-04,2.00E-02
-3.98E-04,2.00E-02,,-3.98E-04,2.00E-02
-3.98E-04,2.00E-02,,-3.98E-04,4.00E-02
-3.98E-04,0,,-3.98E-04,8.00E-02
-3.97E-04,0,,-3.97E-04,2.00E-02
-3.97E-04,0,,-3.97E-04,0
-3.96E-04,-2.00E-02,,-3.96E-04,2.00E-02
-3.96E-04,0,,-3.96E-04,2.00E-02
-3.96E-04,-2.00E-02,,-3.96E-04,4.00E-02
-3.95E-04,-2.00E-02,,-3.95E-04,0
-3.95E-04,0,,-3.95E-04,2.00E-02
-3.94E-04,0,,-3.94E-04,0
-3.94E-04,0,,-3.94E-04,2.00E-02
-3.94E-04,0,,-3.94E-04,4.00E-02
-3.93E-04,0,,-3.93E-04,2.00E-02
-3.93E-04,0,,-3.93E-04,2.00E-02
-3.92E-04,-2.00E-02,,-3.92E-04,0
-3.92E-04,0,,-3.92E-04,0
-3.92E-04,-4.00E-02,,-3.92E-04,2.00E-02
-3.91E-04,0,,-3.91E-04,4.00E-02
-3.91E-04,0,,-3.91E-04,0
-3.90E-04,-2.00E-02,,-3.90E-04,-2.00E-02
-3.90E-04,0,,-3.90E-04,0
-3.90E-04,-2.00E-02,,-3.90E-04,0
-3.89E-04,-2.00E-02,,-3.89E-04,0
-3.89E-04,-4.00E-02,,-3.89E-04,2.00E-02
-3.88E-04,-4.00E-02,,-3.88E-04,2.00E-02
-3.88E-04,-4.00E-02,,-3.88E-04,2.00E-02
-3.88E-04,-2.00E-02,,-3.88E-04,2.00E-02
-3.87E-04,-6.00E-02,,-3.87E-04,2.00E-02
-3.87E-04,-4.00E-02,,-3.87E-04,0
-3.86E-04,0,,-3.86E-04,2.00E-02
-3.86E-04,-4.00E-02,,-3.86E-04,0
-3.86E-04,-6.00E-02,,-3.86E-04,2.00E-02
-3.85E-04,-2.00E-02,,-3.85E-04,4.00E-02
-3.85E-04,-4.00E-02,,-3.85E-04,0
-3.84E-04,-4.00E-02,,-3.84E-04,2.00E-02
-3.84E-04,-4.00E-02,,-3.84E-04,4.00E-02
-3.84E-04,-4.00E-02,,-3.84E-04,0
-3.83E-04,0,,-3.83E-04,0
-3.83E-04,-4.00E-02,,-3.83E-04,2.00E-02
-3.82E-04,-2.00E-02,,-3.82E-04,2.00E-02
-3.82E-04,0,,-3.82E-04,4.00E-02
-3.82E-04,-4.00E-02,,-3.82E-04,0
-3.81E-04,-2.00E-02,,-3.81E-04,4.00E-02
-3.81E-04,-2.00E-02,,-3.81E-04,-2.00E-02
-3.80E-04,-2.00E-02,,-3.80E-04,2.00E-02
-3.80E-04,-2.00E-02,,-3.80E-04,-2.00E-02
-3.80E-04,-2.00E-02,,-3.80E-04,-2.00E-02
-3.79E-04,-2.00E-02,,-3.79E-04,4.00E-02
-3.79E-04,-2.00E-02,,-3.79E-04,2.00E-02
-3.78E-04,0,,-3.78E-04,-2.00E-02
-3.78E-04,-2.00E-02,,-3.78E-04,2.00E-02
-3.78E-04,2.00E-02,,-3.78E-04,0
-3.77E-04,0,,-3.77E-04,0
-3.77E-04,0,,-3.77E-04,0
-3.76E-04,2.00E-02,,-3.76E-04,0
-3.76E-04,-2.00E-02,,-3.76E-04,2.00E-02
-3.76E-04,0,,-3.76E-04,2.00E-02
-3.75E-04,0,,-3.75E-04,0
-3.75E-04,0,,-3.75E-04,2.00E-02
-3.74E-04,0,,-3.74E-04,-2.00E-02
-3.74E-04,0,,-3.74E-04,4.00E-02
-3.74E-04,0,,-3.74E-04,0
-3.73E-04,2.00E-02,,-3.73E-04,2.00E-02
-3.73E-04,0,,-3.73E-04,0
-3.72E-04,2.00E-02,,-3.72E-04,0
-3.72E-04,-2.00E-02,,-3.72E-04,0
-3.72E-04,4.00E-02,,-3.72E-04,2.00E-02
-3.71E-04,-2.00E-02,,-3.71E-04,2.00E-02
-3.71E-04,-2.00E-02,,-3.71E-04,0
-3.70E-04,2.00E-02,,-3.70E-04,2.00E-02
-3.70E-04,0,,-3.70E-04,0
-3.70E-04,-2.00E-02,,-3.70E-04,0
-3.69E-04,-4.00E-02,,-3.69E-04,2.00E-02
-3.69E-04,-2.00E-02,,-3.69E-04,2.00E-02
-3.68E-04,0,,-3.68E-04,0
-3.68E-04,-2.00E-02,,-3.68E-04,0
-3.68E-04,-2.00E-02,,-3.68E-04,4.00E-02
-3.67E-04,-2.00E-02,,-3.67E-04,4.00E-02
-3.67E-04,2.00E-02,,-3.67E-04,4.00E-02
-3.66E-04,-2.00E-02,,-3.66E-04,0
-3.66E-04,-2.00E-02,,-3.66E-04,2.00E-02
-3.66E-04,0,,-3.66E-04,0
-3.65E-04,0,,-3.65E-04,2.00E-02
-3.65E-04,0,,-3.65E-04,0
-3.64E-04,0,,-3.64E-04,4.00E-02
-3.64E-04,0,,-3.64E-04,0
-3.64E-04,2.00E-02,,-3.64E-04,2.00E-02
-3.63E-04,-4.00E-02,,-3.63E-04,2.00E-02
-3.63E-04,0,,-3.63E-04,0
-3.62E-04,-2.00E-02,,-3.62E-04,-2.00E-02
-3.62E-04,-2.00E-02,,-3.62E-04,0
-3.62E-04,0,,-3.62E-04,4.00E-02
-3.61E-04,0,,-3.61E-04,4.00E-02
-3.61E-04,-2.00E-02,,-3.61E-04,4.00E-02
-3.60E-04,-2.00E-02,,-3.60E-04,4.00E-02
-3.60E-04,2.00E-02,,-3.60E-04,0
-3.60E-04,0,,-3.60E-04,2.00E-02
-3.59E-04,-2.00E-02,,-3.59E-04,0
-3.59E-04,2.00E-02,,-3.59E-04,0
-3.58E-04,-2.00E-02,,-3.58E-04,4.00E-02
-3.58E-04,-2.00E-02,,-3.58E-04,0
-3.58E-04,-2.00E-02,,-3.58E-04,2.00E-02
-3.57E-04,-2.00E-02,,-3.57E-04,2.00E-02
-3.57E-04,2.00E-02,,-3.57E-04,2.00E-02
-3.56E-04,-2.00E-02,,-3.56E-04,2.00E-02
-3.56E-04,-4.00E-02,,-3.56E-04,2.00E-02
-3.56E-04,-2.00E-02,,-3.56E-04,2.00E-02
-3.55E-04,-2.00E-02,,-3.55E-04,0
-3.55E-04,0,,-3.55E-04,0
-3.54E-04,-2.00E-02,,-3.54E-04,0
-3.54E-04,-2.00E-02,,-3.54E-04,2.00E-02
-3.54E-04,-4.00E-02,,-3.54E-04,2.00E-02
-3.53E-04,-2.00E-02,,-3.53E-04,2.00E-02
-3.53E-04,-2.00E-02,,-3.53E-04,4.00E-02
-3.52E-04,-6.00E-02,,-3.52E-04,4.00E-02
-3.52E-04,-4.00E-02,,-3.52E-04,0
-3.52E-04,-2.00E-02,,-3.52E-04,4.00E-02
-3.51E-04,-6.00E-02,,-3.51E-04,0
-3.51E-04,0,,-3.51E-04,0
-3.50E-04,-2.00E-02,,-3.50E-04,0
-3.50E-04,2.00E-02,,-3.50E-04,-2.00E-02
-3.50E-04,-2.00E-02,,-3.50E-04,2.00E-02
-3.49E-04,-2.00E-02,,-3.49E-04,2.00E-02
-3.49E-04,-4.00E-02,,-3.49E-04,2.00E-02
-3.48E-04,0,,-3.48E-04,2.00E-02
-3.48E-04,-2.00E-02,,-3.48E-04,4.00E-02
-3.48E-04,-2.00E-02,,-3.48E-04,2.00E-02
-3.47E-04,-4.00E-02,,-3.47E-04,4.00E-02
-3.47E-04,0,,-3.47E-04,2.00E-02
-3.46E-04,-2.00E-02,,-3.46E-04,2.00E-02
-3.46E-04,-2.00E-02,,-3.46E-04,0
-3.46E-04,0,,-3.46E-04,2.00E-02
-3.45E-04,0,,-3.45E-04,0
-3.45E-04,0,,-3.45E-04,0
-3.44E-04,2.00E-02,,-3.44E-04,2.00E-02
-3.44E-04,-2.00E-02,,-3.44E-04,-2.00E-02
-3.44E-04,4.00E-02,,-3.44E-04,2.00E-02
-3.43E-04,0,,-3.43E-04,2.00E-02
-3.43E-04,0,,-3.43E-04,2.00E-02
-3.42E-04,2.00E-02,,-3.42E-04,2.00E-02
-3.42E-04,0,,-3.42E-04,2.00E-02
-3.42E-04,0,,-3.42E-04,4.00E-02
-3.41E-04,0,,-3.41E-04,2.00E-02
-3.41E-04,-2.00E-02,,-3.41E-04,2.00E-02
-3.40E-04,2.00E-02,,-3.40E-04,-2.00E-02
-3.40E-04,2.00E-02,,-3.40E-04,-2.00E-02
-3.40E-04,0,,-3.40E-04,0
-3.39E-04,0,,-3.39E-04,2.00E-02
-3.39E-04,2.00E-02,,-3.39E-04,-2.00E-02
-3.38E-04,0,,-3.38E-04,0
-3.38E-04,-2.00E-02,,-3.38E-04,2.00E-02
-3.38E-04,0,,-3.38E-04,2.00E-02
-3.37E-04,0,,-3.37E-04,2.00E-02
-3.37E-04,2.00E-02,,-3.37E-04,0
-3.36E-04,-4.00E-02,,-3.36E-04,2.00E-02
-3.36E-04,2.00E-02,,-3.36E-04,2.00E-02
-3.36E-04,0,,-3.36E-04,0
-3.35E-04,0,,-3.35E-04,0
-3.35E-04,-2.00E-02,,-3.35E-04,0
-3.34E-04,0,,-3.34E-04,0
-3.34E-04,-2.00E-02,,-3.34E-04,2.00E-02
-3.34E-04,2.00E-02,,-3.34E-04,0
-3.33E-04,0,,-3.33E-04,2.00E-02
-3.33E-04,-2.00E-02,,-3.33E-04,2.00E-02
-3.32E-04,-2.00E-02,,-3.32E-04,2.00E-02
-3.32E-04,2.00E-02,,-3.32E-04,4.00E-02
-3.32E-04,-2.00E-02,,-3.32E-04,2.00E-02
-3.31E-04,-2.00E-02,,-3.31E-04,0
-3.31E-04,0,,-3.31E-04,2.00E-02
-3.30E-04,2.00E-02,,-3.30E-04,0
-3.30E-04,-2.00E-02,,-3.30E-04,2.00E-02
-3.30E-04,-2.00E-02,,-3.30E-04,2.00E-02
-3.29E-04,-2.00E-02,,-3.29E-04,2.00E-02
-3.29E-04,0,,-3.29E-04,-2.00E-02
-3.28E-04,-4.00E-02,,-3.28E-04,0
-3.28E-04,-2.00E-02,,-3.28E-04,4.00E-02
-3.28E-04,-2.00E-02,,-3.28E-04,2.00E-02
-3.27E-04,2.00E-02,,-3.27E-04,4.00E-02
-3.27E-04,-2.00E-02,,-3.27E-04,0
-3.26E-04,-2.00E-02,,-3.26E-04,2.00E-02
-3.26E-04,-2.00E-02,,-3.26E-04,2.00E-02
-3.26E-04,-2.00E-02,,-3.26E-04,2.00E-02
-3.25E-04,-2.00E-02,,-3.25E-04,2.00E-02
-3.25E-04,-2.00E-02,,-3.25E-04,2.00E-02
-3.24E-04,0,,-3.24E-04,-2.00E-02
-3.24E-04,2.00E-02,,-3.24E-04,2.00E-02
-3.24E-04,-2.00E-02,,-3.24E-04,4.00E-02
-3.23E-04,-2.00E-02,,-3.23E-04,0
-3.23E-04,0,,-3.23E-04,2.00E-02
-3.22E-04,-2.00E-02,,-3.22E-04,0
-3.22E-04,-2.00E-02,,-3.22E-04,4.00E-02
-3.22E-04,-2.00E-02,,-3.22E-04,2.00E-02
-3.21E-04,0,,-3.21E-04,4.00E-02
-3.21E-04,0,,-3.21E-04,2.00E-02
-3.20E-04,-2.00E-02,,-3.20E-04,2.00E-02
-3.20E-04,-2.00E-02,,-3.20E-04,0
-3.20E-04,-2.00E-02,,-3.20E-04,0
-3.19E-04,-4.00E-02,,-3.19E-04,2.00E-02
-3.19E-04,-2.00E-02,,-3.19E-04,2.00E-02
-3.18E-04,-4.00E-02,,-3.18E-04,2.00E-02
-3.18E-04,-2.00E-02,,-3.18E-04,2.00E-02
-3.18E-04,-2.00E-02,,-3.18E-04,0
-3.17E-04,-2.00E-02,,-3.17E-04,4.00E-02
-3.17E-04,-4.00E-02,,-3.17E-04,-2.00E-02
-3.16E-04,-4.00E-02,,-3.16E-04,0
-3.16E-04,-2.00E-02,,-3.16E-04,4.00E-02
-3.16E-04,-4.00E-02,,-3.16E-04,2.00E-02
-3.15E-04,-2.00E-02,,-3.15E-04,0
-3.15E-04,-2.00E-02,,-3.15E-04,4.00E-02
-3.14E-04,0,,-3.14E-04,4.00E-02
-3.14E-04,0,,-3.14E-04,-2.00E-02
-3.14E-04,-2.00E-02,,-3.14E-04,2.00E-02
-3.13E-04,0,,-3.13E-04,2.00E-02
-3.13E-04,-2.00E-02,,-3.13E-04,0
-3.12E-04,-4.00E-02,,-3.12E-04,0
-3.12E-04,-2.00E-02,,-3.12E-04,2.00E-02
-3.12E-04,-2.00E-02,,-3.12E-04,-2.00E-02
-3.11E-04,0,,-3.11E-04,0
-3.11E-04,0,,-3.11E-04,0
-3.10E-04,0,,-3.10E-04,-2.00E-02
-3.10E-04,0,,-3.10E-04,0
-3.10E-04,-2.00E-02,,-3.10E-04,0
-3.09E-04,0,,-3.09E-04,0
-3.09E-04,0,,-3.09E-04,2.00E-02
-3.08E-04,0,,-3.08E-04,2.00E-02
-3.08E-04,0,,-3.08E-04,0
-3.08E-04,0,,-3.08E-04,2.00E-02
-3.07E-04,2.00E-02,,-3.07E-04,2.00E-02
-3.07E-04,-2.00E-02,,-3.07E-04,0
-3.06E-04,2.00E-02,,-3.06E-04,-2.00E-02
-3.06E-04,0,,-3.06E-04,2.00E-02
-3.06E-04,4.00E-02,,-3.06E-04,2.00E-02
-3.05E-04,-2.00E-02,,-3.05E-04,0
-3.05E-04,-2.00E-02,,-3.05E-04,2.00E-02
-3.04E-04,0,,-3.04E-04,0
-3.04E-04,4.00E-02,,-3.04E-04,-2.00E-02
-3.04E-04,0,,-3.04E-04,2.00E-02
-3.03E-04,0,,-3.03E-04,0
-3.03E-04,4.00E-02,,-3.03E-04,2.00E-02
-3.02E-04,-2.00E-02,,-3.02E-04,0
-3.02E-04,0,,-3.02E-04,2.00E-02
-3.02E-04,0,,-3.02E-04,0
-3.01E-04,-2.00E-02,,-3.01E-04,4.00E-02
-3.01E-04,4.00E-02,,-3.01E-04,0
-3.00E-04,0,,-3.00E-04,-2.00E-02
-3.00E-04,-2.00E-02,,-3.00E-04,4.00E-02
-3.00E-04,-2.00E-02,,-3.00E-04,2.00E-02
-2.99E-04,2.00E-02,,-2.99E-04,-2.00E-02
-2.99E-04,-2.00E-02,,-2.99E-04,2.00E-02
-2.98E-04,0,,-2.98E-04,0
-2.98E-04,-2.00E-02,,-2.98E-04,2.00E-02
-2.98E-04,-4.00E-02,,-2.98E-04,0
-2.97E-04,-2.00E-02,,-2.97E-04,2.00E-02
-2.97E-04,-4.00E-02,,-2.97E-04,0
-2.96E-04,-2.40E-01,,-2.96E-04,0
-2.96E-04,-3.40E-01,,-2.96E-04,0
-2.96E-04,-3.60E-01,,-2.96E-04,0
-2.95E-04,-4.20E-01,,-2.95E-04,-2.00E-02
-2.95E-04,-4.20E-01,,-2.95E-04,4.00E-02
-2.94E-04,-4.20E-01,,-2.94E-04,2.00E-02
-2.94E-04,-4.00E-01,,-2.94E-04,4.00E-02
-2.94E-04,-4.00E-01,,-2.94E-04,0
-2.93E-04,-4.00E-01,,-2.93E-04,4.00E-02
-2.93E-04,-4.20E-01,,-2.93E-04,0
-2.92E-04,-3.80E-01,,-2.92E-04,2.00E-02
-2.92E-04,-4.20E-01,,-2.92E-04,0
-2.92E-04,-4.20E-01,,-2.92E-04,2.00E-02
-2.91E-04,-4.00E-01,,-2.91E-04,2.00E-02
-2.91E-04,-4.00E-01,,-2.91E-04,2.00E-02
-2.90E-04,-3.60E-01,,-2.90E-04,0
-2.90E-04,-4.00E-01,,-2.90E-04,0
-2.90E-04,-4.00E-01,,-2.90E-04,0
-2.89E-04,-3.80E-01,,-2.89E-04,0
-2.89E-04,-4.00E-01,,-2.89E-04,2.00E-02
-2.88E-04,-4.00E-01,,-2.88E-04,2.00E-02
-2.88E-04,-3.80E-01,,-2.88E-04,4.00E-02
-2.88E-04,-3.80E-01,,-2.88E-04,0
-2.87E-04,-4.00E-01,,-2.87E-04,0
-2.87E-04,-4.20E-01,,-2.87E-04,0
-2.86E-04,-4.00E-01,,-2.86E-04,2.00E-02
-2.86E-04,-3.80E-01,,-2.86E-04,0
-2.86E-04,-3.80E-01,,-2.86E-04,2.00E-02
-2.85E-04,-3.40E-01,,-2.85E-04,0
-2.85E-04,-4.00E-01,,-2.85E-04,-2.00E-02
-2.84E-04,-3.60E-01,,-2.84E-04,0
-2.84E-04,-4.00E-01,,-2.84E-04,4.00E-02
-2.84E-04,-4.00E-01,,-2.84E-04,0
-2.83E-04,-4.20E-01,,-2.83E-04,2.00E-02
-2.83E-04,-4.00E-01,,-2.83E-04,0
-2.82E-04,-4.40E-01,,-2.82E-04,2.00E-02
-2.82E-04,-4.20E-01,,-2.82E-04,6.00E-02
-2.82E-04,-4.40E-01,,-2.82E-04,6.00E-02
-2.81E-04,-4.20E-01,,-2.81E-04,0
-2.81E-04,-4.40E-01,,-2.81E-04,0
-2.80E-04,-4.20E-01,,-2.80E-04,2.00E-02
-2.80E-04,-4.20E-01,,-2.80E-04,4.00E-02
-2.80E-04,-4.20E-01,,-2.80E-04,4.00E-02
-2.79E-04,-4.40E-01,,-2.79E-04,4.00E-02
-2.79E-04,-4.40E-01,,-2.79E-04,4.00E-02
-2.78E-04,-4.20E-01,,-2.78E-04,2.00E-02
-2.78E-04,-4.40E-01,,-2.78E-04,2.00E-02
-2.78E-04,-4.40E-01,,-2.78E-04,6.00E-02
-2.77E-04,-4.40E-01,,-2.77E-04,0
-2.77E-04,-4.40E-01,,-2.77E-04,0
-2.76E-04,-4.20E-01,,-2.76E-04,2.00E-02
-2.76E-04,-4.40E-01,,-2.76E-04,2.00E-02
-2.76E-04,-4.40E-01,,-2.76E-04,0
-2.75E-04,-4.40E-01,,-2.75E-04,2.00E-02
-2.75E-04,-4.40E-01,,-2.75E-04,2.00E-02
-2.74E-04,-4.40E-01,,-2.74E-04,2.00E-02
-2.74E-04,-4.40E-01,,-2.74E-04,4.00E-02
-2.74E-04,-4.20E-01,,-2.74E-04,4.00E-02
-2.73E-04,-4.40E-01,,-2.73E-04,4.00E-02
-2.73E-04,-4.40E-01,,-2.73E-04,2.00E-02
-2.72E-04,-4.40E-01,,-2.72E-04,4.00E-02
-2.72E-04,-4.40E-01,,-2.72E-04,2.00E-02
-2.72E-04,-4.00E-01,,-2.72E-04,0
-2.71E-04,-4.20E-01,,-2.71E-04,-2.00E-02
-2.71E-04,-4.20E-01,,-2.71E-04,0
-2.70E-04,-4.40E-01,,-2.70E-04,4.00E-02
-2.70E-04,-4.40E-01,,-2.70E-04,4.00E-02
-2.70E-04,-4.40E-01,,-2.70E-04,0
-2.69E-04,-4.20E-01,,-2.69E-04,4.00E-02
-2.69E-04,-4.40E-01,,-2.69E-04,2.00E-02
-2.68E-04,-4.60E-01,,-2.68E-04,2.00E-02
-2.68E-04,-4.40E-01,,-2.68E-04,4.00E-02
-2.68E-04,-4.20E-01,,-2.68E-04,2.00E-02
-2.67E-04,-4.40E-01,,-2.67E-04,2.00E-02
-2.67E-04,-4.20E-01,,-2.67E-04,2.00E-02
-2.66E-04,-4.40E-01,,-2.66E-04,0
-2.66E-04,-4.40E-01,,-2.66E-04,2.00E-02
-2.66E-04,-4.20E-01,,-2.66E-04,2.00E-02
-2.65E-04,-4.40E-01,,-2.65E-04,2.00E-02
-2.65E-04,-4.60E-01,,-2.65E-04,2.00E-02
-2.64E-04,-4.20E-01,,-2.64E-04,2.00E-02
-2.64E-04,-4.20E-01,,-2.64E-04,2.00E-02
-2.64E-04,-4.20E-01,,-2.64E-04,2.00E-02
-2.63E-04,-4.20E-01,,-2.63E-04,2.00E-02
-2.63E-04,-4.20E-01,,-2.63E-04,2.00E-02
-2.62E-04,-4.20E-01,,-2.62E-04,4.00E-02
-2.62E-04,-4.40E-01,,-2.62E-04,-2.00E-02
-2.62E-04,-4.60E-01,,-2.62E-04,2.00E-02
-2.61E-04,-4.20E-01,,-2.61E-04,-2.00E-02
-2.61E-04,-4.20E-01,,-2.61E-04,0
-2.60E-04,-4.40E-01,,-2.60E-04,0
-2.60E-04,-4.40E-01,,-2.60E-04,4.00E-02
-2.60E-04,-4.20E-01,,-2.60E-04,-2.00E-02
-2.59E-04,-4.40E-01,,-2.59E-04,-2.00E-02
-2.59E-04,-4.40E-01,,-2.59E-04,2.00E-02
-2.58E-04,-4.20E-01,,-2.58E-04,2.00E-02
-2.58E-04,-4.60E-01,,-2.58E-04,2.00E-02
-2.58E-04,-4.20E-01,,-2.58E-04,0
-2.57E-04,-4.60E-01,,-2.57E-04,0
-2.57E-04,-4.40E-01,,-2.57E-04,0
-2.56E-04,-4.40E-01,,-2.56E-04,4.00E-02
-2.56E-04,-4.00E-01,,-2.56E-04,0
-2.56E-04,-4.20E-01,,-2.56E-04,2.00E-02
-2.55E-04,-4.20E-01,,-2.55E-04,2.00E-02
-2.55E-04,-4.40E-01,,-2.55E-04,2.00E-02
-2.54E-04,-4.40E-01,,-2.54E-04,2.00E-02
-2.54E-04,-4.20E-01,,-2.54E-04,2.00E-02
-2.54E-04,-4.40E-01,,-2.54E-04,2.00E-02
-2.53E-04,-4.40E-01,,-2.53E-04,2.00E-02
-2.53E-04,-4.20E-01,,-2.53E-04,2.00E-02
-2.52E-04,-4.20E-01,,-2.52E-04,0
-2.52E-04,-4.20E-01,,-2.52E-04,2.00E-02
-2.52E-04,-4.40E-01,,-2.52E-04,2.00E-02
-2.51E-04,-4.20E-01,,-2.51E-04,2.00E-02
-2.51E-04,-4.20E-01,,-2.51E-04,2.00E-02
-2.50E-04,-4.20E-01,,-2.50E-04,0
-2.50E-04,-4.20E-01,,-2.50E-04,0
-2.50E-04,-4.40E-01,,-2.50E-04,0
-2.49E-04,-4.40E-01,,-2.49E-04,2.00E-02
-2.49E-04,-4.20E-01,,-2.49E-04,2.00E-02
-2.48E-04,-4.40E-01,,-2.48E-04,4.00E-02
-2.48E-04,-4.20E-01,,-2.48E-04,2.00E-02
-2.48E-04,-4.20E-01,,-2.48E-04,0
-2.47E-04,-4.40E-01,,-2.47E-04,0
-2.47E-04,-4.40E-01,,-2.47E-04,2.00E-02
-2.46E-04,-4.20E-01,,-2.46E-04,4.00E-02
-2.46E-04,-4.40E-01,,-2.46E-04,0
-2.46E-04,-4.20E-01,,-2.46E-04,0
-2.45E-04,-4.40E-01,,-2.45E-04,0
-2.45E-04,-4.20E-01,,-2.45E-04,0
-2.44E-04,-4.40E-01,,-2.44E-04,2.00E-02
-2.44E-04,-4.60E-01,,-2.44E-04,0
-2.44E-04,-4.40E-01,,-2.44E-04,2.00E-02
-2.43E-04,-4.20E-01,,-2.43E-04,0
-2.43E-04,-4.20E-01,,-2.43E-04,2.00E-02
-2.42E-04,-4.60E-01,,-2.42E-04,2.00E-02
-2.42E-04,-4.40E-01,,-2.42E-04,0
-2.42E-04,-4.20E-01,,-2.42E-04,2.00E-02
-2.41E-04,-4.20E-01,,-2.41E-04,2.00E-02
-2.41E-04,-4.40E-01,,-2.41E-04,-2.00E-02
-2.40E-04,-4.60E-01,,-2.40E-04,2.00E-02
-2.40E-04,-4.40E-01,,-2.40E-04,0
-2.40E-04,-4.40E-01,,-2.40E-04,4.00E-02
-2.39E-04,-4.60E-01,,-2.39E-04,4.00E-02
-2.39E-04,-4.40E-01,,-2.39E-04,0
-2.38E-04,-4.40E-01,,-2.38E-04,0
-2.38E-04,-4.40E-01,,-2.38E-04,2.00E-02
-2.38E-04,-4.40E-01,,-2.38E-04,2.00E-02
-2.37E-04,-4.40E-01,,-2.37E-04,4.00E-02
-2.37E-04,-4.20E-01,,-2.37E-04,4.00E-02
-2.36E-04,-4.20E-01,,-2.36E-04,4.00E-02
-2.36E-04,-4.40E-01,,-2.36E-04,0
-2.36E-04,-4.60E-01,,-2.36E-04,2.00E-02
-2.35E-04,-4.60E-01,,-2.35E-04,2.00E-02
-2.35E-04,-4.60E-01,,-2.35E-04,0
-2.34E-04,-4.40E-01,,-2.34E-04,2.00E-02
-2.34E-04,-4.40E-01,,-2.34E-04,4.00E-02
-2.34E-04,-4.20E-01,,-2.34E-04,2.00E-02
-2.33E-04,-4.40E-01,,-2.33E-04,2.00E-02
-2.33E-04,-4.20E-01,,-2.33E-04,0
-2.32E-04,-4.40E-01,,-2.32E-04,0
-2.32E-04,-4.00E-01,,-2.32E-04,0
-2.32E-04,-4.00E-01,,-2.32E-04,2.00E-02
-2.31E-04,-4.60E-01,,-2.31E-04,0
-2.31E-04,-4.40E-01,,-2.31E-04,0
-2.30E-04,-4.40E-01,,-2.30E-04,2.00E-02
-2.30E-04,-4.20E-01,,-2.30E-04,2.00E-02
-2.30E-04,-4.40E-01,,-2.30E-04,4.00E-02
-2.29E-04,-4.40E-01,,-2.29E-04,2.00E-02
-2.29E-04,-4.60E-01,,-2.29E-04,2.00E-02
-2.28E-04,-4.40E-01,,-2.28E-04,4.00E-02
-2.28E-04,-4.00E-01,,-2.28E-04,2.00E-02
-2.28E-04,-4.60E-01,,-2.28E-04,4.00E-02
-2.27E-04,-4.20E-01,,-2.27E-04,2.00E-02
-2.27E-04,-4.20E-01,,-2.27E-04,2.00E-02
-2.26E-04,-4.40E-01,,-2.26E-04,2.00E-02
-2.26E-04,-4.40E-01,,-2.26E-04,2.00E-02
-2.26E-04,-4.60E-01,,-2.26E-04,2.00E-02
-2.25E-04,-4.60E-01,,-2.25E-04,2.00E-02
-2.25E-04,-4.20E-01,,-2.25E-04,2.00E-02
-2.24E-04,-4.40E-01,,-2.24E-04,4.00E-02
-2.24E-04,-4.20E-01,,-2.24E-04,4.00E-02
-2.24E-04,-4.20E-01,,-2.24E-04,0
-2.23E-04,-4.60E-01,,-2.23E-04,4.00E-02
-2.23E-04,-4.40E-01,,-2.23E-04,4.00E-02
-2.22E-04,-4.40E-01,,-2.22E-04,0
-2.22E-04,-4.40E-01,,-2.22E-04,2.00E-02
-2.22E-04,-4.20E-01,,-2.22E-04,-2.00E-02
-2.21E-04,-4.20E-01,,-2.21E-04,0
-2.21E-04,-4.40E-01,,-2.21E-04,0
-2.20E-04,-4.40E-01,,-2.20E-04,2.00E-02
-2.20E-04,-4.20E-01,,-2.20E-04,0
-2.20E-04,-4.40E-01,,-2.20E-04,0
-2.19E-04,-4.20E-01,,-2.19E-04,4.00E-02
-2.19E-04,-4.20E-01,,-2.19E-04,2.00E-02
-2.18E-04,-4.00E-01,,-2.18E-04,0
-2.18E-04,-4.20E-01,,-2.18E-04,-2.00E-02
-2.18E-04,-4.60E-01,,-2.18E-04,4.00E-02
-2.17E-04,-4.40E-01,,-2.17E-04,2.00E-02
-2.17E-04,-4.20E-01,,-2.17E-04,2.00E-02
-2.16E-04,-3.80E-01,,-2.16E-04,2.00E-02
-2.16E-04,-4.20E-01,,-2.16E-04,2.00E-02
-2.16E-04,-4.20E-01,,-2.16E-04,2.00E-02
-2.15E-04,-4.60E-01,,-2.15E-04,2.00E-02
-2.15E-04,-4.20E-01,,-2.15E-04,2.00E-02
-2.14E-04,-4.20E-01,,-2.14E-04,4.00E-02
-2.14E-04,-4.20E-01,,-2.14E-04,0
-2.14E-04,-4.40E-01,,-2.14E-04,2.00E-02
-2.13E-04,-4.20E-01,,-2.13E-04,2.00E-02
-2.13E-04,-4.20E-01,,-2.13E-04,0
-2.12E-04,-4.20E-01,,-2.12E-04,2.00E-02
-2.12E-04,-4.40E-01,,-2.12E-04,2.00E-02
-2.12E-04,-4.40E-01,,-2.12E-04,0
-2.11E-04,-4.00E-01,,-2.11E-04,2.00E-02
-2.11E-04,-4.40E-01,,-2.11E-04,2.00E-02
-2.10E-04,-4.60E-01,,-2.10E-04,0
-2.10E-04,-4.40E-01,,-2.10E-04,2.00E-02
-2.10E-04,-4.80E-01,,-2.10E-04,2.00E-02
-2.09E-04,-4.40E-01,,-2.09E-04,4.00E-02
-2.09E-04,-4.40E-01,,-2.09E-04,4.00E-02
-2.08E-04,-4.20E-01,,-2.08E-04,2.00E-02
-2.08E-04,-4.20E-01,,-2.08E-04,2.00E-02
-2.08E-04,-4.40E-01,,-2.08E-04,0
-2.07E-04,-4.40E-01,,-2.07E-04,4.00E-02
-2.07E-04,-4.20E-01,,-2.07E-04,2.00E-02
-2.06E-04,-4.40E-01,,-2.06E-04,2.00E-02
-2.06E-04,-4.00E-01,,-2.06E-04,2.00E-02
-2.06E-04,-4.40E-01,,-2.06E-04,0
-2.05E-04,-4.20E-01,,-2.05E-04,-2.00E-02
-2.05E-04,-4.40E-01,,-2.05E-04,4.00E-02
-2.04E-04,-4.60E-01,,-2.04E-04,2.00E-02
-2.04E-04,-4.40E-01,,-2.04E-04,0
-2.04E-04,-4.20E-01,,-2.04E-04,0
-2.03E-04,-4.00E-01,,-2.03E-04,2.00E-02
-2.03E-04,-4.20E-01,,-2.03E-04,4.00E-02
-2.02E-04,-4.40E-01,,-2.02E-04,2.00E-02
-2.02E-04,-4.40E-01,,-2.02E-04,0
-2.02E-04,-4.40E-01,,-2.02E-04,2.00E-02
-2.01E-04,-4.40E-01,,-2.01E-04,0
-2.01E-04,-4.20E-01,,-2.01E-04,2.00E-02
-2.00E-04,-4.20E-01,,-2.00E-04,0
-2.00E-04,-4.40E-01,,-2.00E-04,2.00E-02
-2.00E-04,-4.40E-01,,-2.00E-04,4.00E-02
-1.99E-04,-4.60E-01,,-1.99E-04,2.00E-02
-1.99E-04,-4.20E-01,,-1.99E-04,0
-1.98E-04,-4.20E-01,,-1.98E-04,4.00E-02
-1.98E-04,-4.40E-01,,-1.98E-04,0
-1.98E-04,-4.40E-01,,-1.98E-04,2.00E-02
-1.97E-04,-4.40E-01,,-1.97E-04,0
-1.97E-04,-4.40E-01,,-1.97E-04,-4.00E-02
-1.96E-04,-4.20E-01,,-1.96E-04,4.00E-02
-1.96E-04,-4.40E-01,,-1.96E-04,2.00E-02
-1.96E-04,-4.60E-01,,-1.96E-04,4.00E-02
-1.95E-04,-4.00E-01,,-1.95E-04,0
-1.95E-04,-4.00E-01,,-1.95E-04,2.00E-02
-1.94E-04,-4.80E-01,,-1.94E-04,4.00E-02
-1.94E-04,-4.40E-01,,-1.94E-04,2.00E-02
-1.94E-04,-4.60E-01,,-1.94E-04,2.00E-02
-1.93E-04,-4.40E-01,,-1.93E-04,2.00E-02
-1.93E-04,-4.20E-01,,-1.93E-04,0
-1.92E-04,-4.20E-01,,-1.92E-04,0
-1.92E-04,-4.40E-01,,-1.92E-04,2.00E-02
-1.92E-04,-4.40E-01,,-1.92E-04,2.00E-02
-1.91E-04,-4.40E-01,,-1.91E-04,0
-1.91E-04,-4.20E-01,,-1.91E-04,0
-1.90E-04,-4.40E-01,,-1.90E-04,-2.00E-02
-1.90E-04,-4.00E-01,,-1.90E-04,2.00E-02
-1.90E-04,-4.40E-01,,-1.90E-04,2.00E-02
-1.89E-04,-4.40E-01,,-1.89E-04,2.00E-02
-1.89E-04,-4.40E-01,,-1.89E-04,2.00E-02
-1.88E-04,-4.20E-01,,-1.88E-04,2.00E-02
-1.88E-04,-4.40E-01,,-1.88E-04,0
-1.88E-04,-4.40E-01,,-1.88E-04,2.00E-02
-1.87E-04,-4.40E-01,,-1.87E-04,-2.00E-02
-1.87E-04,-4.40E-01,,-1.87E-04,2.00E-02
-1.86E-04,-4.40E-01,,-1.86E-04,2.00E-02
-1.86E-04,-4.40E-01,,-1.86E-04,0
-1.86E-04,-4.40E-01,,-1.86E-04,0
-1.85E-04,-4.00E-01,,-1.85E-04,-2.00E-02
-1.85E-04,-4.20E-01,,-1.85E-04,2.00E-02
-1.84E-04,-4.40E-01,,-1.84E-04,0
-1.84E-04,-4.00E-01,,-1.84E-04,0
-1.84E-04,-4.20E-01,,-1.84E-04,0
-1.83E-04,-4.20E-01,,-1.83E-04,2.00E-02
-1.83E-04,-4.40E-01,,-1.83E-04,0
-1.82E-04,-4.40E-01,,-1.82E-04,2.00E-02
-1.82E-04,-4.20E-01,,-1.82E-04,-4.00E-02
-1.82E-04,-4.40E-01,,-1.82E-04,-2.00E-02
-1.81E-04,-4.40E-01,,-1.81E-04,2.00E-02
-1.81E-04,-4.40E-01,,-1.81E-04,2.00E-02
-1.80E-04,-4.20E-01,,-1.80E-04,-2.00E-02
-1.80E-04,-4.40E-01,,-1.80E-04,0
-1.80E-04,-4.40E-01,,-1.80E-04,2.00E-02
-1.79E-04,-4.20E-01,,-1.79E-04,2.00E-02
-1.79E-04,-4.40E-01,,-1.79E-04,4.00E-02
-1.78E-04,-4.00E-01,,-1.78E-04,-2.00E-02
-1.78E-04,-4.60E-01,,-1.78E-04,0
-1.78E-04,-4.20E-01,,-1.78E-04,0
-1.77E-04,-4.40E-01,,-1.77E-04,2.00E-02
-1.77E-04,-4.00E-01,,-1.77E-04,2.00E-02
-1.76E-04,-4.60E-01,,-1.76E-04,-4.00E-02
-1.76E-04,-4.20E-01,,-1.76E-04,4.00E-02
-1.76E-04,-4.40E-01,,-1.76E-04,4.00E-02
-1.75E-04,-4.00E-01,,-1.75E-04,0
-1.75E-04,-4.40E-01,,-1.75E-04,0
-1.74E-04,-4.60E-01,,-1.74E-04,0
-1.74E-04,-4.40E-01,,-1.74E-04,0
-1.74E-04,-4.00E-01,,-1.74E-04,2.00E-02
-1.73E-04,-4.60E-01,,-1.73E-04,2.00E-02
-1.73E-04,-4.40E-01,,-1.73E-04,0
-1.72E-04,-4.40E-01,,-1.72E-04,2.00E-02
-1.72E-04,-4.40E-01,,-1.72E-04,0
-1.72E-04,-4.20E-01,,-1.72E-04,2.00E-02
-1.71E-04,-4.40E-01,,-1.71E-04,2.00E-02
-1.71E-04,-4.20E-01,,-1.71E-04,0
-1.70E-04,-4.20E-01,,-1.70E-04,-4.00E-02
-1.70E-04,-4.20E-01,,-1.70E-04,2.00E-02
-1.70E-04,-4.60E-01,,-1.70E-04,0
-1.69E-04,-4.20E-01,,-1.69E-04,4.00E-02
-1.69E-04,-4.20E-01,,-1.69E-04,4.00E-02
-1.68E-04,-4.40E-01,,-1.68E-04,0
-1.68E-04,-4.40E-01,,-1.68E-04,2.00E-02
-1.68E-04,-4.40E-01,,-1.68E-04,2.00E-02
-1.67E-04,-4.40E-01,,-1.67E-04,2.00E-02
-1.67E-04,-4.40E-01,,-1.67E-04,0
-1.66E-04,-4.40E-01,,-1.66E-04,2.00E-02
-1.66E-04,-4.80E-01,,-1.66E-04,0
-1.66E-04,-4.20E-01,,-1.66E-04,-4.00E-02
-1.65E-04,-4.40E-01,,-1.65E-04,2.00E-02
-1.65E-04,-4.40E-01,,-1.65E-04,0
-1.64E-04,-4.20E-01,,-1.64E-04,0
-1.64E-04,-4.40E-01,,-1.64E-04,0
-1.64E-04,-4.20E-01,,-1.64E-04,4.00E-02
-1.63E-04,-4.20E-01,,-1.63E-04,4.00E-02
-1.63E-04,-4.40E-01,,-1.63E-04,2.00E-02
-1.62E-04,-4.60E-01,,-1.62E-04,2.00E-02
-1.62E-04,-4.00E-01,,-1.62E-04,2.00E-02
-1.62E-04,-4.20E-01,,-1.62E-04,0
-1.61E-04,-4.60E-01,,-1.61E-04,0
-1.61E-04,-4.20E-01,,-1.61E-04,0
-1.60E-04,-4.60E-01,,-1.60E-04,2.00E-02
-1.60E-04,-4.40E-01,,-1.60E-04,4.00E-02
-1.60E-04,-4.40E-01,,-1.60E-04,2.00E-02
-1.59E-04,-4.20E-01,,-1.59E-04,0
-1.59E-04,-4.40E-01,,-1.59E-04,2.00E-02
-1.58E-04,-4.20E-01,,-1.58E-04,0
-1.58E-04,-4.40E-01,,-1.58E-04,2.00E-02
-1.58E-04,-4.40E-01,,-1.58E-04,0
-1.57E-04,-4.40E-01,,-1.57E-04,-4.00E-02
-1.57E-04,-4.20E-01,,-1.57E-04,2.00E-02
-1.56E-04,-4.20E-01,,-1.56E-04,4.00E-02
-1.56E-04,-4.40E-01,,-1.56E-04,0
-1.56E-04,-4.40E-01,,-1.56E-04,2.00E-02
-1.55E-04,-4.40E-01,,-1.55E-04,2.00E-02
-1.55E-04,-4.20E-01,,-1.55E-04,2.00E-02
-1.54E-04,-4.40E-01,,-1.54E-04,0
-1.54E-04,-4.20E-01,,-1.54E-04,0
-1.54E-04,-4.00E-01,,-1.54E-04,2.00E-02
-1.53E-04,-4.60E-01,,-1.53E-04,0
-1.53E-04,-4.20E-01,,-1.53E-04,0
-1.52E-04,-4.20E-01,,-1.52E-04,0
-1.52E-04,-4.40E-01,,-1.52E-04,-2.00E-02
-1.52E-04,-4.20E-01,,-1.52E-04,0
-1.51E-04,-4.40E-01,,-1.51E-04,0
-1.51E-04,-4.20E-01,,-1.51E-04,0
-1.50E-04,-4.40E-01,,-1.50E-04,2.00E-02
-1.50E-04,-4.40E-01,,-1.50E-04,4.00E-02
-1.50E-04,-4.60E-01,,-1.50E-04,2.00E-02
-1.49E-04,-4.40E-01,,-1.49E-04,6.00E-02
-1.49E-04,-4.20E-01,,-1.49E-04,2.00E-02
-1.48E-04,-4.20E-01,,-1.48E-04,2.00E-02
-1.48E-04,-4.40E-01,,-1.48E-04,2.00E-02
-1.48E-04,-4.40E-01,,-1.48E-04,2.00E-02
-1.47E-04,-4.20E-01,,-1.47E-04,2.00E-02
-1.47E-04,-4.20E-01,,-1.47E-04,0
-1.46E-04,-4.20E-01,,-1.46E-04,2.00E-02
-1.46E-04,-4.40E-01,,-1.46E-04,0
-1.46E-04,-4.00E-01,,-1.46E-04,0
-1.45E-04,-4.20E-01,,-1.45E-04,2.00E-02
-1.45E-04,-4.00E-01,,-1.45E-04,2.00E-02
-1.44E-04,-4.40E-01,,-1.44E-04,2.00E-02
-1.44E-04,-4.40E-01,,-1.44E-04,2.00E-02
-1.44E-04,-4.40E-01,,-1.44E-04,6.00E-02
-1.43E-04,-4.40E-01,,-1.43E-04,2.00E-02
-1.43E-04,-4.20E-01,,-1.43E-04,2.00E-02
-1.42E-04,-4.20E-01,,-1.42E-04,0
-1.42E-04,-4.20E-01,,-1.42E-04,0
-1.42E-04,-4.20E-01,,-1.42E-04,-2.00E-02
-1.41E-04,-4.20E-01,,-1.41E-04,2.00E-02
-1.41E-04,-4.40E-01,,-1.41E-04,-2.00E-02
-1.40E-04,-4.40E-01,,-1.40E-04,0
-1.40E-04,-4.20E-01,,-1.40E-04,2.00E-02
-1.40E-04,-4.40E-01,,-1.40E-04,2.00E-02
-1.39E-04,-4.40E-01,,-1.39E-04,2.00E-02
-1.39E-04,-4.20E-01,,-1.39E-04,2.00E-02
-1.38E-04,-4.40E-01,,-1.38E-04,2.00E-02
-1.38E-04,-4.20E-01,,-1.38E-04,2.00E-02
-1.38E-04,-4.40E-01,,-1.38E-04,4.00E-02
-1.37E-04,-4.20E-01,,-1.37E-04,0
-1.37E-04,-4.20E-01,,-1.37E-04,0
-1.36E-04,-4.40E-01,,-1.36E-04,2.00E-02
-1.36E-04,-4.40E-01,,-1.36E-04,-2.00E-02
-1.36E-04,-4.00E-01,,-1.36E-04,0
-1.35E-04,-4.40E-01,,-1.35E-04,2.00E-02
-1.35E-04,-4.40E-01,,-1.35E-04,0
-1.34E-04,-4.40E-01,,-1.34E-04,2.00E-02
-1.34E-04,-4.40E-01,,-1.34E-04,0
-1.34E-04,-4.40E-01,,-1.34E-04,0
-1.33E-04,-4.20E-01,,-1.33E-04,2.00E-02
-1.33E-04,-4.20E-01,,-1.33E-04,2.00E-02
-1.32E-04,-4.00E-01,,-1.32E-04,0
-1.32E-04,-4.20E-01,,-1.32E-04,-2.00E-02
-1.32E-04,-4.40E-01,,-1.32E-04,2.00E-02
-1.31E-04,-4.40E-01,,-1.31E-04,2.00E-02
-1.31E-04,-4.40E-01,,-1.31E-04,0
-1.30E-04,-4.60E-01,,-1.30E-04,2.00E-02
-1.30E-04,-4.40E-01,,-1.30E-04,2.00E-02
-1.30E-04,-4.60E-01,,-1.30E-04,2.00E-02
-1.29E-04,-4.40E-01,,-1.29E-04,2.00E-02
-1.29E-04,-4.20E-01,,-1.29E-04,2.00E-02
-1.28E-04,-4.40E-01,,-1.28E-04,0
-1.28E-04,-4.20E-01,,-1.28E-04,2.00E-02
-1.28E-04,-4.20E-01,,-1.28E-04,2.00E-02
-1.27E-04,-4.40E-01,,-1.27E-04,0
-1.27E-04,-4.20E-01,,-1.27E-04,2.00E-02
-1.26E-04,-4.40E-01,,-1.26E-04,0
-1.26E-04,-4.00E-01,,-1.26E-04,-2.00E-02
-1.26E-04,-4.00E-01,,-1.26E-04,2.00E-02
-1.25E-04,-4.40E-01,,-1.25E-04,2.00E-02
-1.25E-04,-4.20E-01,,-1.25E-04,0
-1.24E-04,-4.20E-01,,-1.24E-04,2.00E-02
-1.24E-04,-4.20E-01,,-1.24E-04,2.00E-02
-1.24E-04,-4.20E-01,,-1.24E-04,2.00E-02
-1.23E-04,-4.20E-01,,-1.23E-04,4.00E-02
-1.23E-04,-4.20E-01,,-1.23E-04,2.00E-02
-1.22E-04,-4.20E-01,,-1.22E-04,2.00E-02
-1.22E-04,-4.20E-01,,-1.22E-04,2.00E-02
-1.22E-04,-4.40E-01,,-1.22E-04,2.00E-02
-1.21E-04,-4.20E-01,,-1.21E-04,0
-1.21E-04,-4.40E-01,,-1.21E-04,2.00E-02
-1.20E-04,-4.20E-01,,-1.20E-04,2.00E-02
-1.20E-04,-4.20E-01,,-1.20E-04,2.00E-02
-1.20E-04,-4.20E-01,,-1.20E-04,2.00E-02
-1.19E-04,-4.20E-01,,-1.19E-04,2.00E-02
-1.19E-04,-4.20E-01,,-1.19E-04,2.00E-02
-1.18E-04,-4.40E-01,,-1.18E-04,0
-1.18E-04,-4.20E-01,,-1.18E-04,2.00E-02
-1.18E-04,-4.20E-01,,-1.18E-04,0
-1.17E-04,-4.40E-01,,-1.17E-04,2.00E-02
-1.17E-04,-4.20E-01,,-1.17E-04,0
-1.16E-04,-4.40E-01,,-1.16E-04,2.00E-02
-1.16E-04,-4.20E-01,,-1.16E-04,2.00E-02
-1.16E-04,-4.40E-01,,-1.16E-04,4.00E-02
-1.15E-04,-4.20E-01,,-1.15E-04,2.00E-02
-1.15E-04,-4.20E-01,,-1.15E-04,0
-1.14E-04,-4.40E-01,,-1.14E-04,0
-1.14E-04,-4.40E-01,,-1.14E-04,0
-1.14E-04,-4.40E-01,,-1.14E-04,0
-1.13E-04,-3.80E-01,,-1.13E-04,0
-1.13E-04,-4.40E-01,,-1.13E-04,2.00E-02
-1.12E-04,-4.20E-01,,-1.12E-04,-2.00E-02
-1.12E-04,-4.20E-01,,-1.12E-04,0
-1.12E-04,-4.40E-01,,-1.12E-04,2.00E-02
-1.11E-04,-4.20E-01,,-1.11E-04,4.00E-02
-1.11E-04,-4.20E-01,,-1.11E-04,2.00E-02
-1.10E-04,-4.20E-01,,-1.10E-04,4.00E-02
-1.10E-04,-4.40E-01,,-1.10E-04,6.00E-02
-1.10E-04,-4.40E-01,,-1.10E-04,4.00E-02
-1.09E-04,-4.40E-01,,-1.09E-04,2.00E-02
-1.09E-04,-4.20E-01,,-1.09E-04,2.00E-02
-1.08E-04,-4.20E-01,,-1.08E-04,4.00E-02
-1.08E-04,-4.40E-01,,-1.08E-04,4.00E-02
-1.08E-04,-4.40E-01,,-1.08E-04,2.00E-02
-1.07E-04,-4.40E-01,,-1.07E-04,0
-1.07E-04,-4.40E-01,,-1.07E-04,4.00E-02
-1.06E-04,-4.40E-01,,-1.06E-04,2.00E-02
-1.06E-04,-4.20E-01,,-1.06E-04,2.00E-02
-1.06E-04,-4.60E-01,,-1.06E-04,2.00E-02
-1.05E-04,-4.40E-01,,-1.05E-04,4.00E-02
-1.05E-04,-4.00E-01,,-1.05E-04,4.00E-02
-1.04E-04,-4.60E-01,,-1.04E-04,0
-1.04E-04,-4.40E-01,,-1.04E-04,6.00E-02
-1.04E-04,-4.40E-01,,-1.04E-04,2.00E-02
-1.03E-04,-4.20E-01,,-1.03E-04,0
-1.03E-04,-3.80E-01,,-1.03E-04,-4.00E-02
-1.02E-04,-4.20E-01,,-1.02E-04,-2.00E-02
-1.02E-04,-4.20E-01,,-1.02E-04,2.00E-02
-1.02E-04,-4.40E-01,,-1.02E-04,2.00E-02
-1.01E-04,-4.20E-01,,-1.01E-04,-2.00E-02
-1.01E-04,-4.40E-01,,-1.01E-04,0
-1.00E-04,-4.40E-01,,-1.00E-04,2.00E-02
-1.00E-04,-4.20E-01,,-1.00E-04,2.00E-02
-9.96E-05,-4.40E-01,,-9.96E-05,0
-9.92E-05,-4.20E-01,,-9.92E-05,0
-9.88E-05,-4.60E-01,,-9.88E-05,2.00E-02
-9.84E-05,-4.40E-01,,-9.84E-05,0
-9.80E-05,-4.40E-01,,-9.80E-05,0
-9.76E-05,-4.00E-01,,-9.76E-05,0
-9.72E-05,-4.40E-01,,-9.72E-05,0
-9.68E-05,-4.20E-01,,-9.68E-05,2.00E-02
-9.64E-05,-4.40E-01,,-9.64E-05,2.00E-02
-9.60E-05,-4.40E-01,,-9.60E-05,0
-9.56E-05,-4.40E-01,,-9.56E-05,4.00E-02
-9.52E-05,-4.60E-01,,-9.52E-05,0
-9.48E-05,-4.20E-01,,-9.48E-05,0
-9.44E-05,-4.00E-01,,-9.44E-05,4.00E-02
-9.40E-05,-4.40E-01,,-9.40E-05,2.00E-02
-9.36E-05,-4.40E-01,,-9.36E-05,0
-9.32E-05,-4.40E-01,,-9.32E-05,0
-9.28E-05,-4.20E-01,,-9.28E-05,2.00E-02
-9.24E-05,-3.80E-01,,-9.24E-05,4.00E-02
-9.20E-05,-4.20E-01,,-9.20E-05,0
-9.16E-05,-4.20E-01,,-9.16E-05,2.00E-02
-9.12E-05,-4.20E-01,,-9.12E-05,0
-9.08E-05,-4.80E-01,,-9.08E-05,2.00E-02
-9.04E-05,-4.40E-01,,-9.04E-05,2.00E-02
-9.00E-05,-4.20E-01,,-9.00E-05,2.00E-02
-8.96E-05,-4.00E-01,,-8.96E-05,2.00E-02
-8.92E-05,-4.00E-01,,-8.92E-05,0
-8.88E-05,-4.20E-01,,-8.88E-05,0
-8.84E-05,-4.20E-01,,-8.84E-05,0
-8.80E-05,-4.20E-01,,-8.80E-05,4.00E-02
-8.76E-05,-4.20E-01,,-8.76E-05,0
-8.72E-05,-4.00E-01,,-8.72E-05,2.00E-02
-8.68E-05,-4.20E-01,,-8.68E-05,-2.00E-02
-8.64E-05,-4.20E-01,,-8.64E-05,0
-8.60E-05,-4.20E-01,,-8.60E-05,4.00E-02
-8.56E-05,-4.40E-01,,-8.56E-05,2.00E-02
-8.52E-05,-4.40E-01,,-8.52E-05,0
-8.48E-05,-4.20E-01,,-8.48E-05,2.00E-02
-8.44E-05,-4.20E-01,,-8.44E-05,2.00E-02
-8.40E-05,-4.40E-01,,-8.40E-05,0
-8.36E-05,-4.20E-01,,-8.36E-05,2.00E-02
-8.32E-05,-4.20E-01,,-8.32E-05,2.00E-02
-8.28E-05,-4.40E-01,,-8.28E-05,2.00E-02
-8.24E-05,-4.60E-01,,-8.24E-05,4.00E-02
-8.20E-05,-4.20E-01,,-8.20E-05,0
-8.16E-05,-4.00E-01,,-8.16E-05,2.00E-02
-8.12E-05,-4.20E-01,,-8.12E-05,4.00E-02
-8.08E-05,-4.20E-01,,-8.08E-05,4.00E-02
-8.04E-05,-4.00E-01,,-8.04E-05,4.00E-02
-8.00E-05,-4.40E-01,,-8.00E-05,2.00E-02
-7.96E-05,-4.40E-01,,-7.96E-05,6.00E-02
-7.92E-05,-4.40E-01,,-7.92E-05,0
-7.88E-05,-4.20E-01,,-7.88E-05,2.00E-02
-7.84E-05,-4.20E-01,,-7.84E-05,0
-7.80E-05,-4.40E-01,,-7.80E-05,0
-7.76E-05,-4.20E-01,,-7.76E-05,0
-7.72E-05,-4.40E-01,,-7.72E-05,2.00E-02
-7.68E-05,-4.20E-01,,-7.68E-05,2.00E-02
-7.64E-05,-4.60E-01,,-7.64E-05,2.00E-02
-7.60E-05,-4.20E-01,,-7.60E-05,2.00E-02
-7.56E-05,-4.20E-01,,-7.56E-05,2.00E-02
-7.52E-05,-4.40E-01,,-7.52E-05,2.00E-02
-7.48E-05,-4.40E-01,,-7.48E-05,4.00E-02
-7.44E-05,-4.40E-01,,-7.44E-05,2.00E-02
-7.40E-05,-4.40E-01,,-7.40E-05,2.00E-02
-7.36E-05,-4.40E-01,,-7.36E-05,0
-7.32E-05,-4.20E-01,,-7.32E-05,0
-7.28E-05,-4.20E-01,,-7.28E-05,0
-7.24E-05,-4.40E-01,,-7.24E-05,0
-7.20E-05,-4.20E-01,,-7.20E-05,0
-7.16E-05,-4.20E-01,,-7.16E-05,2.00E-02
-7.12E-05,-4.20E-01,,-7.12E-05,4.00E-02
-7.08E-05,-4.20E-01,,-7.08E-05,2.00E-02
-7.04E-05,-4.40E-01,,-7.04E-05,0
-7.00E-05,-4.40E-01,,-7.00E-05,4.00E-02
-6.96E-05,-4.20E-01,,-6.96E-05,2.00E-02
-6.92E-05,-4.40E-01,,-6.92E-05,2.00E-02
-6.88E-05,-4.00E-01,,-6.88E-05,2.00E-02
-6.84E-05,-4.60E-01,,-6.84E-05,4.00E-02
-6.80E-05,-4.40E-01,,-6.80E-05,2.00E-02
-6.76E-05,-4.20E-01,,-6.76E-05,2.00E-02
-6.72E-05,-4.40E-01,,-6.72E-05,4.00E-02
-6.68E-05,-4.00E-01,,-6.68E-05,2.00E-02
-6.64E-05,-4.20E-01,,-6.64E-05,4.00E-02
-6.60E-05,-4.40E-01,,-6.60E-05,2.00E-02
-6.56E-05,-4.20E-01,,-6.56E-05,4.00E-02
-6.52E-05,-4.40E-01,,-6.52E-05,4.00E-02
-6.48E-05,-4.20E-01,,-6.48E-05,2.00E-02
-6.44E-05,-4.20E-01,,-6.44E-05,6.00E-02
-6.40E-05,-4.20E-01,,-6.40E-05,4.00E-02
-6.36E-05,-4.00E-01,,-6.36E-05,2.00E-02
-6.32E-05,-4.00E-01,,-6.32E-05,-2.00E-02
-6.28E-05,-4.40E-01,,-6.28E-05,0
-6.24E-05,-4.20E-01,,-6.24E-05,2.00E-02
-6.20E-05,-4.20E-01,,-6.20E-05,4.00E-02
-6.16E-05,-4.00E-01,,-6.16E-05,2.00E-02
-6.12E-05,-4.20E-01,,-6.12E-05,4.00E-02
-6.08E-05,-4.20E-01,,-6.08E-05,6.00E-02
-6.04E-05,-4.20E-01,,-6.04E-05,2.00E-02
-6.00E-05,-4.60E-01,,-6.00E-05,6.00E-02
-5.96E-05,-4.20E-01,,-5.96E-05,4.00E-02
-5.92E-05,-4.60E-01,,-5.92E-05,4.00E-02
-5.88E-05,-4.40E-01,,-5.88E-05,2.00E-02
-5.84E-05,-4.00E-01,,-5.84E-05,4.00E-02
-5.80E-05,-4.00E-01,,-5.80E-05,2.00E-02
-5.76E-05,-4.20E-01,,-5.76E-05,2.00E-02
-5.72E-05,-4.20E-01,,-5.72E-05,6.00E-02
-5.68E-05,-4.40E-01,,-5.68E-05,4.00E-02
-5.64E-05,-4.00E-01,,-5.64E-05,4.00E-02
-5.60E-05,-4.40E-01,,-5.60E-05,6.00E-02
-5.56E-05,-4.20E-01,,-5.56E-05,2.00E-02
-5.52E-05,-4.40E-01,,-5.52E-05,6.00E-02
-5.48E-05,-4.00E-01,,-5.48E-05,4.00E-02
-5.44E-05,-4.40E-01,,-5.44E-05,4.00E-02
-5.40E-05,-4.20E-01,,-5.40E-05,4.00E-02
-5.36E-05,-4.20E-01,,-5.36E-05,4.00E-02
-5.32E-05,-4.20E-01,,-5.32E-05,6.00E-02
-5.28E-05,-4.40E-01,,-5.28E-05,4.00E-02
-5.24E-05,-4.60E-01,,-5.24E-05,4.00E-02
-5.20E-05,-4.40E-01,,-5.20E-05,6.00E-02
-5.16E-05,-4.20E-01,,-5.16E-05,2.00E-02
-5.12E-05,-4.60E-01,,-5.12E-05,6.00E-02
-5.08E-05,-4.60E-01,,-5.08E-05,6.00E-02
-5.04E-05,-4.40E-01,,-5.04E-05,8.00E-02
-5.00E-05,-4.20E-01,,-5.00E-05,8.00E-02
-4.96E-05,-4.20E-01,,-4.96E-05,6.00E-02
-4.92E-05,-4.20E-01,,-4.92E-05,6.00E-02
-4.88E-05,-4.60E-01,,-4.88E-05,6.00E-02
-4.84E-05,-4.60E-01,,-4.84E-05,6.00E-02
-4.80E-05,-4.40E-01,,-4.80E-05,4.00E-02
-4.76E-05,-4.40E-01,,-4.76E-05,8.00E-02
-4.72E-05,-4.40E-01,,-4.72E-05,4.00E-02
-4.68E-05,-4.40E-01,,-4.68E-05,6.00E-02
-4.64E-05,-4.40E-01,,-4.64E-05,6.00E-02
-4.60E-05,-4.40E-01,,-4.60E-05,6.00E-02
-4.56E-05,-4.40E-01,,-4.56E-05,6.00E-02
-4.52E-05,-4.40E-01,,-4.52E-05,4.00E-02
-4.48E-05,-4.20E-01,,-4.48E-05,6.00E-02
-4.44E-05,-4.20E-01,,-4.44E-05,6.00E-02
-4.40E-05,-4.20E-01,,-4.40E-05,8.00E-02
-4.36E-05,-4.40E-01,,-4.36E-05,6.00E-02
-4.32E-05,-4.20E-01,,-4.32E-05,4.00E-02
-4.28E-05,-4.20E-01,,-4.28E-05,8.00E-02
-4.24E-05,-4.40E-01,,-4.24E-05,6.00E-02
-4.20E-05,-4.40E-01,,-4.20E-05,6.00E-02
-4.16E-05,-4.40E-01,,-4.16E-05,1.00E-01
-4.12E-05,-4.40E-01,,-4.12E-05,1.00E-01
-4.08E-05,-4.40E-01,,-4.08E-05,8.00E-02
-4.04E-05,-4.00E-01,,-4.04E-05,8.00E-02
-4.00E-05,-4.20E-01,,-4.00E-05,1.00E-01
-3.96E-05,-4.20E-01,,-3.96E-05,8.00E-02
-3.92E-05,-4.20E-01,,-3.92E-05,8.00E-02
-3.88E-05,-4.20E-01,,-3.88E-05,8.00E-02
-3.84E-05,-4.20E-01,,-3.84E-05,8.00E-02
-3.80E-05,-4.00E-01,,-3.80E-05,1.00E-01
-3.76E-05,-4.60E-01,,-3.76E-05,1.00E-01
-3.72E-05,-4.40E-01,,-3.72E-05,1.00E-01
-3.68E-05,-4.00E-01,,-3.68E-05,1.00E-01
-3.64E-05,-4.40E-01,,-3.64E-05,1.20E-01
-3.60E-05,-4.40E-01,,-3.60E-05,1.00E-01
-3.56E-05,-4.40E-01,,-3.56E-05,1.40E-01
-3.52E-05,-4.40E-01,,-3.52E-05,1.00E-01
-3.48E-05,-4.40E-01,,-3.48E-05,1.00E-01
-3.44E-05,-4.40E-01,,-3.44E-05,1.00E-01
-3.40E-05,-4.20E-01,,-3.40E-05,8.00E-02
-3.36E-05,-4.20E-01,,-3.36E-05,1.00E-01
-3.32E-05,-4.20E-01,,-3.32E-05,8.00E-02
-3.28E-05,-4.40E-01,,-3.28E-05,1.00E-01
-3.24E-05,-4.40E-01,,-3.24E-05,1.20E-01
-3.20E-05,-4.40E-01,,-3.20E-05,1.00E-01
-3.16E-05,-4.20E-01,,-3.16E-05,1.40E-01
-3.12E-05,-4.40E-01,,-3.12E-05,1.60E-01
-3.08E-05,-4.40E-01,,-3.08E-05,1.20E-01
-3.04E-05,-4.60E-01,,-3.04E-05,1.40E-01
-3.00E-05,-4.00E-01,,-3.00E-05,8.00E-02
-2.96E-05,-4.20E-01,,-2.96E-05,1.20E-01
-2.92E-05,-4.40E-01,,-2.92E-05,1.20E-01
-2.88E-05,-4.20E-01,,-2.88E-05,1.20E-01
-2.84E-05,-4.20E-01,,-2.84E-05,1.20E-01
-2.80E-05,-4.40E-01,,-2.80E-05,1.20E-01
-2.76E-05,-4.40E-01,,-2.76E-05,1.40E-01
-2.72E-05,-4.40E-01,,-2.72E-05,1.40E-01
-2.68E-05,-4.20E-01,,-2.68E-05,1.20E-01
-2.64E-05,-4.20E-01,,-2.64E-05,1.20E-01
-2.60E-05,-4.20E-01,,-2.60E-05,1.40E-01
-2.56E-05,-4.40E-01,,-2.56E-05,1.60E-01
-2.52E-05,-4.00E-01,,-2.52E-05,1.60E-01
-2.48E-05,-4.40E-01,,-2.48E-05,1.80E-01
-2.44E-05,-4.20E-01,,-2.44E-05,1.20E-01
-2.40E-05,-4.20E-01,,-2.40E-05,1.60E-01
-2.36E-05,-4.20E-01,,-2.36E-05,1.00E-01
-2.32E-05,-4.40E-01,,-2.32E-05,1.20E-01
-2.28E-05,-4.40E-01,,-2.28E-05,1.60E-01
-2.24E-05,-4.20E-01,,-2.24E-05,1.60E-01
-2.20E-05,-4.20E-01,,-2.20E-05,1.40E-01
-2.16E-05,-4.40E-01,,-2.16E-05,1.80E-01
-2.12E-05,-4.20E-01,,-2.12E-05,2.00E-01
-2.08E-05,-4.20E-01,,-2.08E-05,1.80E-01
-2.04E-05,-4.40E-01,,-2.04E-05,1.60E-01
-2.00E-05,-4.20E-01,,-2.00E-05,1.60E-01
-1.96E-05,-4.60E-01,,-1.96E-05,2.00E-01
-1.92E-05,-4.20E-01,,-1.92E-05,1.60E-01
-1.88E-05,-4.20E-01,,-1.88E-05,1.60E-01
-1.84E-05,-4.20E-01,,-1.84E-05,1.60E-01
-1.80E-05,-4.40E-01,,-1.80E-05,1.40E-01
-1.76E-05,-4.00E-01,,-1.76E-05,1.80E-01
-1.72E-05,-4.40E-01,,-1.72E-05,1.80E-01
-1.68E-05,-4.00E-01,,-1.68E-05,2.00E-01
-1.64E-05,-4.40E-01,,-1.64E-05,2.00E-01
-1.60E-05,-4.40E-01,,-1.60E-05,2.00E-01
-1.56E-05,-4.40E-01,,-1.56E-05,2.00E-01
-1.52E-05,-4.20E-01,,-1.52E-05,2.00E-01
-1.48E-05,-4.20E-01,,-1.48E-05,2.00E-01
-1.44E-05,-4.40E-01,,-1.44E-05,2.20E-01
-1.40E-05,-4.00E-01,,-1.40E-05,2.40E-01
-1.36E-05,-3.80E-01,,-1.36E-05,2.00E-01
-1.32E-05,-4.20E-01,,-1.32E-05,2.20E-01
-1.28E-05,-4.60E-01,,-1.28E-05,2.40E-01
-1.24E-05,-4.20E-01,,-1.24E-05,2.00E-01
-1.20E-05,-4.40E-01,,-1.20E-05,1.80E-01
-1.16E-05,-4.60E-01,,-1.16E-05,2.20E-01
-1.12E-05,-4.40E-01,,-1.12E-05,2.40E-01
-1.08E-05,-4.20E-01,,-1.08E-05,2.60E-01
-1.04E-05,-4.20E-01,,-1.04E-05,2.60E-01
-1.00E-05,-4.20E-01,,-1.00E-05,2.40E-01
-9.60E-06,-4.40E-01,,-9.60E-06,2.40E-01
-9.20E-06,-4.40E-01,,-9.20E-06,2.60E-01
-8.80E-06,-4.40E-01,,-8.80E-06,2.60E-01
-8.40E-06,-4.20E-01,,-8.40E-06,2.40E-01
-8.00E-06,-4.40E-01,,-8.00E-06,2.60E-01
-7.60E-06,-4.20E-01,,-7.60E-06,2.40E-01
-7.20E-06,-4.00E-01,,-7.20E-06,2.40E-01
-6.80E-06,-4.40E-01,,-6.80E-06,3.00E-01
-6.40E-06,-4.40E-01,,-6.40E-06,2.80E-01
-6.00E-06,-4.40E-01,,-6.00E-06,2.60E-01
-5.60E-06,-4.20E-01,,-5.60E-06,2.60E-01
-5.20E-06,-4.40E-01,,-5.20E-06,2.80E-01
-4.80E-06,-4.40E-01,,-4.80E-06,3.00E-01
-4.40E-06,-4.20E-01,,-4.40E-06,2.80E-01
-4.00E-06,-4.20E-01,,-4.00E-06,2.80E-01
-3.60E-06,-4.20E-01,,-3.60E-06,3.00E-01
-3.20E-06,-4.20E-01,,-3.20E-06,3.00E-01
-2.80E-06,-4.20E-01,,-2.80E-06,3.00E-01
-2.40E-06,-4.00E-01,,-2.40E-06,2.80E-01
-2.00E-06,-4.60E-01,,-2.00E-06,3.20E-01
-1.60E-06,-4.20E-01,,-1.60E-06,3.20E-01
-1.20E-06,-4.40E-01,,-1.20E-06,2.80E-01
-8.00E-07,-4.40E-01,,-8.00E-07,3.00E-01
-4.00E-07,-4.00E-01,,-4.00E-07,3.20E-01
4.03E-11,-4.20E-01,,4.03E-11,3.20E-01
4.00E-07,-4.40E-01,,4.00E-07,3.20E-01
8.00E-07,-4.40E-01,,8.00E-07,3.40E-01
1.20E-06,-4.20E-01,,1.20E-06,3.40E-01
1.60E-06,-4.20E-01,,1.60E-06,3.20E-01
2.00E-06,-4.20E-01,,2.00E-06,3.20E-01
2.40E-06,-4.20E-01,,2.40E-06,3.40E-01
2.80E-06,-4.20E-01,,2.80E-06,3.40E-01
3.20E-06,-4.40E-01,,3.20E-06,3.60E-01
3.60E-06,-4.20E-01,,3.60E-06,3.60E-01
4.00E-06,-4.40E-01,,4.00E-06,3.80E-01
4.40E-06,-4.60E-01,,4.40E-06,3.40E-01
4.80E-06,-4.20E-01,,4.80E-06,3.60E-01
5.20E-06,-4.20E-01,,5.20E-06,3.40E-01
5.60E-06,-4.00E-01,,5.60E-06,3.60E-01
6.00E-06,-4.20E-01,,6.00E-06,3.40E-01
6.40E-06,-4.40E-01,,6.40E-06,3.60E-01
6.80E-06,-4.40E-01,,6.80E-06,3.60E-01
7.20E-06,-4.20E-01,,7.20E-06,3.60E-01
7.60E-06,-4.20E-01,,7.60E-06,3.80E-01
8.00E-06,-4.20E-01,,8.00E-06,4.00E-01
8.40E-06,-4.40E-01,,8.40E-06,4.00E-01
8.80E-06,-4.00E-01,,8.80E-06,4.00E-01
9.20E-06,-4.20E-01,,9.20E-06,4.00E-01
9.60E-06,-4.20E-01,,9.60E-06,4.00E-01
1.00E-05,-4.40E-01,,1.00E-05,4.20E-01
1.04E-05,-4.20E-01,,1.04E-05,4.00E-01
1.08E-05,-4.40E-01,,1.08E-05,4.20E-01
1.12E-05,-4.40E-01,,1.12E-05,4.20E-01
1.16E-05,-4.20E-01,,1.16E-05,4.00E-01
1.20E-05,-4.20E-01,,1.20E-05,4.20E-01
1.24E-05,-4.20E-01,,1.24E-05,4.00E-01
1.28E-05,-4.00E-01,,1.28E-05,3.80E-01
1.32E-05,-4.40E-01,,1.32E-05,4.60E-01
1.36E-05,-4.00E-01,,1.36E-05,4.60E-01
1.40E-05,-4.40E-01,,1.40E-05,4.40E-01
1.44E-05,-4.20E-01,,1.44E-05,4.60E-01
1.48E-05,-4.40E-01,,1.48E-05,5.00E-01
1.52E-05,-4.40E-01,,1.52E-05,4.40E-01
1.56E-05,-4.20E-01,,1.56E-05,4.60E-01
1.60E-05,-4.00E-01,,1.60E-05,4.40E-01
1.64E-05,-4.00E-01,,1.64E-05,4.80E-01
1.68E-05,-4.20E-01,,1.68E-05,4.80E-01
1.72E-05,-4.40E-01,,1.72E-05,4.80E-01
1.76E-05,-4.40E-01,,1.76E-05,4.80E-01
1.80E-05,-4.40E-01,,1.80E-05,4.80E-01
1.84E-05,-4.20E-01,,1.84E-05,5.00E-01
1.88E-05,-4.00E-01,,1.88E-05,5.20E-01
1.92E-05,-4.20E-01,,1.92E-05,5.00E-01
1.96E-05,-4.00E-01,,1.96E-05,4.80E-01
2.00E-05,-4.40E-01,,2.00E-05,5.20E-01
2.04E-05,-4.40E-01,,2.04E-05,4.80E-01
2.08E-05,-4.40E-01,,2.08E-05,5.00E-01
2.12E-05,-4.40E-01,,2.12E-05,5.20E-01
2.16E-05,-4.40E-01,,2.16E-05,4.80E-01
2.20E-05,-4.20E-01,,2.20E-05,5.40E-01
2.24E-05,-4.40E-01,,2.24E-05,5.20E-01
2.28E-05,-4.00E-01,,2.28E-05,5.40E-01
2.32E-05,-4.40E-01,,2.32E-05,5.40E-01
2.36E-05,-4.40E-01,,2.36E-05,5.40E-01
2.40E-05,-4.20E-01,,2.40E-05,5.40E-01
2.44E-05,-4.00E-01,,2.44E-05,5.40E-01
2.48E-05,-4.40E-01,,2.48E-05,5.40E-01
2.52E-05,-4.20E-01,,2.52E-05,5.80E-01
2.56E-05,-4.20E-01,,2.56E-05,5.80E-01
2.60E-05,-4.00E-01,,2.60E-05,5.60E-01
2.64E-05,-4.20E-01,,2.64E-05,5.80E-01
2.68E-05,-4.20E-01,,2.68E-05,6.00E-01
2.72E-05,-4.40E-01,,2.72E-05,6.20E-01
2.76E-05,-4.40E-01,,2.76E-05,5.80E-01
2.80E-05,-4.60E-01,,2.80E-05,6.00E-01
2.84E-05,-4.20E-01,,2.84E-05,6.20E-01
2.88E-05,-4.20E-01,,2.88E-05,6.40E-01
2.92E-05,-4.20E-01,,2.92E-05,6.20E-01
2.96E-05,-4.40E-01,,2.96E-05,6.20E-01
3.00E-05,-4.40E-01,,3.00E-05,6.40E-01
3.04E-05,-4.20E-01,,3.04E-05,6.20E-01
3.08E-05,-4.20E-01,,3.08E-05,6.20E-01
3.12E-05,-4.20E-01,,3.12E-05,6.20E-01
3.16E-05,-4.20E-01,,3.16E-05,6.40E-01
3.20E-05,-4.40E-01,,3.20E-05,6.20E-01
3.24E-05,-4.20E-01,,3.24E-05,6.20E-01
3.28E-05,-4.20E-01,,3.28E-05,6.80E-01
3.32E-05,-4.40E-01,,3.32E-05,6.80E-01
3.36E-05,-4.20E-01,,3.36E-05,6.80E-01
3.40E-05,-4.20E-01,,3.40E-05,7.00E-01
3.44E-05,-3.80E-01,,3.44E-05,7.00E-01
3.48E-05,-4.20E-01,,3.48E-05,6.80E-01
3.52E-05,-4.40E-01,,3.52E-05,6.80E-01
3.56E-05,-4.20E-01,,3.56E-05,7.20E-01
3.60E-05,-4.20E-01,,3.60E-05,6.80E-01
3.64E-05,-4.20E-01,,3.64E-05,7.20E-01
3.68E-05,-4.00E-01,,3.68E-05,7.00E-01
3.72E-05,-4.20E-01,,3.72E-05,7.00E-01
3.76E-05,-4.40E-01,,3.76E-05,7.40E-01
3.80E-05,-4.40E-01,,3.80E-05,7.40E-01
3.84E-05,-4.20E-01,,3.84E-05,7.40E-01
3.88E-05,-4.20E-01,,3.88E-05,7.40E-01
3.92E-05,-4.40E-01,,3.92E-05,7.60E-01
3.96E-05,-4.20E-01,,3.96E-05,7.60E-01
4.00E-05,-4.20E-01,,4.00E-05,7.40E-01
4.04E-05,-4.40E-01,,4.04E-05,7.60E-01
4.08E-05,-4.40E-01,,4.08E-05,7.60E-01
4.12E-05,-4.40E-01,,4.12E-05,8.00E-01
4.16E-05,-4.40E-01,,4.16E-05,7.80E-01
4.20E-05,-4.40E-01,,4.20E-05,7.80E-01
4.24E-05,-4.40E-01,,4.24E-05,7.80E-01
4.28E-05,-4.40E-01,,4.28E-05,8.00E-01
4.32E-05,-4.40E-01,,4.32E-05,8.00E-01
4.36E-05,-4.20E-01,,4.36E-05,8.20E-01
4.40E-05,-4.20E-01,,4.40E-05,8.20E-01
4.44E-05,-4.40E-01,,4.44E-05,8.40E-01
4.48E-05,-4.20E-01,,4.48E-05,8.40E-01
4.52E-05,-4.40E-01,,4.52E-05,8.20E-01
4.56E-05,-4.20E-01,,4.56E-05,8.40E-01
4.60E-05,-4.00E-01,,4.60E-05,8.20E-01
4.64E-05,-4.20E-01,,4.64E-05,8.20E-01
4.68E-05,-4.20E-01,,4.68E-05,8.60E-01
4.72E-05,-4.40E-01,,4.72E-05,8.60E-01
4.76E-05,-4.20E-01,,4.76E-05,8.60E-01
4.80E-05,-4.40E-01,,4.80E-05,8.80E-01
4.84E-05,-4.60E-01,,4.84E-05,8.60E-01
4.88E-05,-4.20E-01,,4.88E-05,9.00E-01
4.92E-05,-4.20E-01,,4.92E-05,8.80E-01
4.96E-05,-4.40E-01,,4.96E-05,9.00E-01
5.00E-05,-4.00E-01,,5.00E-05,9.00E-01
5.04E-05,-4.60E-01,,5.04E-05,9.20E-01
5.08E-05,-4.40E-01,,5.08E-05,9.00E-01
5.12E-05,-4.20E-01,,5.12E-05,9.20E-01
5.16E-05,-4.40E-01,,5.16E-05,9.20E-01
5.20E-05,-4.40E-01,,5.20E-05,9.20E-01
5.24E-05,-4.00E-01,,5.24E-05,8.80E-01
5.28E-05,-4.40E-01,,5.28E-05,9.40E-01
5.32E-05,-4.20E-01,,5.32E-05,9.60E-01
5.36E-05,-4.20E-01,,5.36E-05,9.60E-01
5.40E-05,-4.20E-01,,5.40E-05,9.80E-01
5.44E-05,-4.20E-01,,5.44E-05,9.60E-01
5.48E-05,-4.20E-01,,5.48E-05,9.60E-01
5.52E-05,-4.40E-01,,5.52E-05,9.80E-01
5.56E-05,-4.20E-01,,5.56E-05,9.60E-01
5.60E-05,-4.00E-01,,5.60E-05,9.80E-01
5.64E-05,-4.20E-01,,5.64E-05,9.80E-01
5.68E-05,-4.20E-01,,5.68E-05,9.80E-01
5.72E-05,-4.40E-01,,5.72E-05,9.80E-01
5.76E-05,-4.20E-01,,5.76E-05,1.02
5.80E-05,-4.00E-01,,5.80E-05,1.02
5.84E-05,-4.20E-01,,5.84E-05,1.04
5.88E-05,-4.00E-01,,5.88E-05,1.04
5.92E-05,-4.00E-01,,5.92E-05,1.02
5.96E-05,-4.20E-01,,5.96E-05,1.04
6.00E-05,-4.40E-01,,6.00E-05,1.0599999
6.04E-05,-4.00E-01,,6.04E-05,1.04
6.08E-05,-4.20E-01,,6.08E-05,1.0799999
6.12E-05,-4.20E-01,,6.12E-05,1.04
6.16E-05,-4.40E-01,,6.16E-05,1.0599999
6.20E-05,-4.60E-01,,6.20E-05,1.0599999
6.24E-05,-4.00E-01,,6.24E-05,1.0799999
6.28E-05,-4.60E-01,,6.28E-05,1.0799999
6.32E-05,-4.20E-01,,6.32E-05,1.0599999
6.36E-05,-4.40E-01,,6.36E-05,1.0599999
6.40E-05,-4.20E-01,,6.40E-05,1.12
6.44E-05,-4.40E-01,,6.44E-05,1.1
6.48E-05,-4.20E-01,,6.48E-05,1.1
6.52E-05,-4.40E-01,,6.52E-05,1.12
6.56E-05,-3.80E-01,,6.56E-05,1.1
6.60E-05,-4.20E-01,,6.60E-05,1.12
6.64E-05,-4.40E-01,,6.64E-05,1.16
6.68E-05,-4.20E-01,,6.68E-05,1.12
6.72E-05,-4.20E-01,,6.72E-05,1.12
6.76E-05,-4.80E-01,,6.76E-05,1.16
6.80E-05,-4.40E-01,,6.80E-05,1.14
6.84E-05,-4.40E-01,,6.84E-05,1.1799999
6.88E-05,-4.20E-01,,6.88E-05,1.16
6.92E-05,-4.60E-01,,6.92E-05,1.16
6.96E-05,-4.40E-01,,6.96E-05,1.1799999
7.00E-05,-4.20E-01,,7.00E-05,1.1799999
7.04E-05,-4.40E-01,,7.04E-05,1.1799999
7.08E-05,-4.40E-01,,7.08E-05,1.1799999
7.12E-05,-4.00E-01,,7.12E-05,1.22
7.16E-05,-4.40E-01,,7.16E-05,1.1799999
7.20E-05,-4.20E-01,,7.20E-05,1.1999999
7.24E-05,-4.40E-01,,7.24E-05,1.26
7.28E-05,-4.40E-01,,7.28E-05,1.22
7.32E-05,-4.20E-01,,7.32E-05,1.24
7.36E-05,-4.20E-01,,7.36E-05,1.24
7.40E-05,-4.20E-01,,7.40E-05,1.28
7.44E-05,-4.00E-01,,7.44E-05,1.24
7.48E-05,-4.40E-01,,7.48E-05,1.28
7.52E-05,-4.60E-01,,7.52E-05,1.24
7.56E-05,-4.00E-01,,7.56E-05,1.3
7.60E-05,-4.20E-01,,7.60E-05,1.26
7.64E-05,-4.40E-01,,7.64E-05,1.3199999
7.68E-05,-4.20E-01,,7.68E-05,1.3
7.72E-05,-4.40E-01,,7.72E-05,1.3199999
7.76E-05,-4.60E-01,,7.76E-05,1.3199999
7.80E-05,-4.40E-01,,7.80E-05,1.3
7.84E-05,-3.80E-01,,7.84E-05,1.3199999
7.88E-05,-4.20E-01,,7.88E-05,1.3399999
7.92E-05,-4.00E-01,,7.92E-05,1.3199999
7.96E-05,-4.20E-01,,7.96E-05,1.3199999
8.00E-05,-4.40E-01,,8.00E-05,1.3399999
8.04E-05,-4.60E-01,,8.04E-05,1.3199999
8.08E-05,-4.20E-01,,8.08E-05,1.36
8.12E-05,-4.40E-01,,8.12E-05,1.3399999
8.16E-05,-4.00E-01,,8.16E-05,1.3399999
8.20E-05,-4.20E-01,,8.20E-05,1.3399999
8.24E-05,-4.40E-01,,8.24E-05,1.36
8.28E-05,-4.60E-01,,8.28E-05,1.38
8.32E-05,-4.40E-01,,8.32E-05,1.42
8.36E-05,-4.40E-01,,8.36E-05,1.42
8.40E-05,-4.20E-01,,8.40E-05,1.42
8.44E-05,-4.20E-01,,8.44E-05,1.38
8.48E-05,-4.20E-01,,8.48E-05,1.4
8.52E-05,-4.40E-01,,8.52E-05,1.4
8.56E-05,-4.40E-01,,8.56E-05,1.42
8.60E-05,-4.40E-01,,8.60E-05,1.42
8.64E-05,-4.40E-01,,8.64E-05,1.4399999
8.68E-05,-4.40E-01,,8.68E-05,1.4399999
8.72E-05,-4.40E-01,,8.72E-05,1.4599999
8.76E-05,-4.20E-01,,8.76E-05,1.4599999
8.80E-05,-4.20E-01,,8.80E-05,1.4399999
8.84E-05,-4.40E-01,,8.84E-05,1.4599999
8.88E-05,-4.40E-01,,8.88E-05,1.48
8.92E-05,-4.20E-01,,8.92E-05,1.48
8.96E-05,-4.40E-01,,8.96E-05,1.48
9.00E-05,-4.40E-01,,9.00E-05,1.5
9.04E-05,-4.40E-01,,9.04E-05,1.52
9.08E-05,-4.20E-01,,9.08E-05,1.5
9.12E-05,-4.40E-01,,9.12E-05,1.5
9.16E-05,-4.40E-01,,9.16E-05,1.5
9.20E-05,-4.00E-01,,9.20E-05,1.5
9.24E-05,-4.60E-01,,9.24E-05,1.52
9.28E-05,-4.40E-01,,9.28E-05,1.5599999
9.32E-05,-4.20E-01,,9.32E-05,1.52
9.36E-05,-4.40E-01,,9.36E-05,1.52
9.40E-05,-4.40E-01,,9.40E-05,1.54
9.44E-05,-4.20E-01,,9.44E-05,1.52
9.48E-05,-4.40E-01,,9.48E-05,1.54
9.52E-05,-4.00E-01,,9.52E-05,1.54
9.56E-05,-4.00E-01,,9.56E-05,1.5599999
9.60E-05,-4.20E-01,,9.60E-05,1.5599999
9.64E-05,-4.20E-01,,9.64E-05,1.5999999
9.68E-05,-4.00E-01,,9.68E-05,1.5799999
9.72E-05,-4.20E-01,,9.72E-05,1.5599999
9.76E-05,-4.20E-01,,9.76E-05,1.5999999
9.80E-05,-4.00E-01,,9.80E-05,1.62
9.84E-05,-4.40E-01,,9.84E-05,1.5999999
9.88E-05,-4.00E-01,,9.88E-05,1.5999999
9.92E-05,-4.40E-01,,9.92E-05,1.5999999
9.96E-05,-4.00E-01,,9.96E-05,1.5999999
1.00E-04,-4.20E-01,,1.00E-04,1.62
1.00E-04,-4.00E-01,,1.00E-04,1.64
1.01E-04,-4.40E-01,,1.01E-04,1.64
1.01E-04,-4.40E-01,,1.01E-04,1.66
1.02E-04,-4.00E-01,,1.02E-04,1.64
1.02E-04,-4.20E-01,,1.02E-04,1.64
1.02E-04,-4.20E-01,,1.02E-04,1.66
1.03E-04,-4.20E-01,,1.03E-04,1.66
1.03E-04,-4.40E-01,,1.03E-04,1.6799999
1.04E-04,-4.00E-01,,1.04E-04,1.6799999
1.04E-04,-4.20E-01,,1.04E-04,1.6799999
1.04E-04,-4.40E-01,,1.04E-04,1.6999999
1.05E-04,-4.20E-01,,1.05E-04,1.6799999
1.05E-04,-4.20E-01,,1.05E-04,1.6799999
1.06E-04,-4.20E-01,,1.06E-04,1.6799999
1.06E-04,-4.00E-01,,1.06E-04,1.6999999
1.06E-04,-4.40E-01,,1.06E-04,1.74
1.07E-04,-4.20E-01,,1.07E-04,1.6999999
1.07E-04,-4.40E-01,,1.07E-04,1.7199999
1.08E-04,-4.20E-01,,1.08E-04,1.7199999
1.08E-04,-4.20E-01,,1.08E-04,1.74
1.08E-04,-4.20E-01,,1.08E-04,1.7199999
1.09E-04,-4.60E-01,,1.09E-04,1.78
1.09E-04,-4.60E-01,,1.09E-04,1.76
1.10E-04,-4.40E-01,,1.10E-04,1.76
1.10E-04,-4.20E-01,,1.10E-04,1.74
1.10E-04,-4.40E-01,,1.10E-04,1.76
1.11E-04,-4.00E-01,,1.11E-04,1.78
1.11E-04,-4.40E-01,,1.11E-04,1.78
1.12E-04,-4.00E-01,,1.12E-04,1.78
1.12E-04,-4.20E-01,,1.12E-04,1.8
1.12E-04,-4.40E-01,,1.12E-04,1.8
1.13E-04,-4.40E-01,,1.13E-04,1.8
1.13E-04,-4.00E-01,,1.13E-04,1.78
1.14E-04,-4.20E-01,,1.14E-04,1.8199999
1.14E-04,-4.20E-01,,1.14E-04,1.8399999
1.14E-04,-4.40E-01,,1.14E-04,1.8399999
1.15E-04,-4.60E-01,,1.15E-04,1.8199999
1.15E-04,-4.20E-01,,1.15E-04,1.86
1.16E-04,-4.40E-01,,1.16E-04,1.8399999
1.16E-04,-4.40E-01,,1.16E-04,1.86
1.16E-04,-4.20E-01,,1.16E-04,1.8399999
1.17E-04,-4.20E-01,,1.17E-04,1.8399999
1.17E-04,-4.20E-01,,1.17E-04,1.8399999
1.18E-04,-4.40E-01,,1.18E-04,1.8399999
1.18E-04,-4.20E-01,,1.18E-04,1.86
1.18E-04,-4.20E-01,,1.18E-04,1.86
1.19E-04,-4.20E-01,,1.19E-04,1.88
1.19E-04,-4.00E-01,,1.19E-04,1.86
1.20E-04,-4.00E-01,,1.20E-04,1.9
1.20E-04,-4.20E-01,,1.20E-04,1.88
1.20E-04,-4.20E-01,,1.20E-04,1.9
1.21E-04,-4.40E-01,,1.21E-04,1.88
1.21E-04,-4.40E-01,,1.21E-04,1.88
1.22E-04,-4.20E-01,,1.22E-04,1.9
1.22E-04,-4.40E-01,,1.22E-04,1.92
1.22E-04,-4.40E-01,,1.22E-04,1.92
1.23E-04,-4.40E-01,,1.23E-04,1.9399999
1.23E-04,-4.40E-01,,1.23E-04,1.9399999
1.24E-04,-4.20E-01,,1.24E-04,1.92
1.24E-04,-4.20E-01,,1.24E-04,1.9399999
1.24E-04,-4.00E-01,,1.24E-04,1.92
1.25E-04,-4.00E-01,,1.25E-04,1.9399999
1.25E-04,-4.00E-01,,1.25E-04,1.9399999
1.26E-04,-4.20E-01,,1.26E-04,1.9599999
1.26E-04,-4.40E-01,,1.26E-04,1.92
1.26E-04,-4.20E-01,,1.26E-04,1.9599999
1.27E-04,-4.20E-01,,1.27E-04,2
1.27E-04,-4.20E-01,,1.27E-04,1.9599999
1.28E-04,-4.60E-01,,1.28E-04,1.9399999
1.28E-04,-4.20E-01,,1.28E-04,1.9799999
1.28E-04,-4.20E-01,,1.28E-04,1.9799999
1.29E-04,-4.20E-01,,1.29E-04,2.02
1.29E-04,-4.40E-01,,1.29E-04,1.9599999
1.30E-04,-4.40E-01,,1.30E-04,2
1.30E-04,-4.40E-01,,1.30E-04,2.04
1.30E-04,-4.60E-01,,1.30E-04,2.02
1.31E-04,-4.20E-01,,1.31E-04,2.02
1.31E-04,-4.20E-01,,1.31E-04,2.04
1.32E-04,-3.80E-01,,1.32E-04,2
1.32E-04,-4.00E-01,,1.32E-04,2
1.32E-04,-4.00E-01,,1.32E-04,2.04
1.33E-04,-4.40E-01,,1.33E-04,2.04
1.33E-04,-4.20E-01,,1.33E-04,2.04
1.34E-04,-4.20E-01,,1.34E-04,2.0599999
1.34E-04,-4.00E-01,,1.34E-04,2.04
1.34E-04,-4.40E-01,,1.34E-04,2.02
1.35E-04,-3.80E-01,,1.35E-04,2.04
1.35E-04,-4.40E-01,,1.35E-04,2.0599999
1.36E-04,-4.20E-01,,1.36E-04,2.04
1.36E-04,-4.40E-01,,1.36E-04,2.0599999
1.36E-04,-4.20E-01,,1.36E-04,2.0599999
1.37E-04,-4.40E-01,,1.37E-04,2.0599999
1.37E-04,-4.20E-01,,1.37E-04,2.0599999
1.38E-04,-4.00E-01,,1.38E-04,2.0599999
1.38E-04,-4.20E-01,,1.38E-04,2.0999999
1.38E-04,-4.00E-01,,1.38E-04,2.0799999
1.39E-04,-4.40E-01,,1.39E-04,2.0999999
1.39E-04,-4.20E-01,,1.39E-04,2.0799999
1.40E-04,-4.20E-01,,1.40E-04,2.0999999
1.40E-04,-4.00E-01,,1.40E-04,2.0799999
1.40E-04,-4.20E-01,,1.40E-04,2.0999999
1.41E-04,-4.20E-01,,1.41E-04,2.0999999
1.41E-04,-4.40E-01,,1.41E-04,2.0999999
1.42E-04,-4.40E-01,,1.42E-04,2.1199999
1.42E-04,-4.40E-01,,1.42E-04,2.1199999
1.42E-04,-4.20E-01,,1.42E-04,2.0999999
1.43E-04,-4.20E-01,,1.43E-04,2.1399999
1.43E-04,-4.00E-01,,1.43E-04,2.1199999
1.44E-04,-4.20E-01,,1.44E-04,2.1399999
1.44E-04,-4.40E-01,,1.44E-04,2.1199999
1.44E-04,-4.20E-01,,1.44E-04,2.1399999
1.45E-04,-4.00E-01,,1.45E-04,2.1399999
1.45E-04,-3.80E-01,,1.45E-04,2.1199999
1.46E-04,-4.40E-01,,1.46E-04,2.1399999
1.46E-04,-4.20E-01,,1.46E-04,2.1199999
1.46E-04,-4.00E-01,,1.46E-04,2.1399999
1.47E-04,-4.40E-01,,1.47E-04,2.1599998
1.47E-04,-4.20E-01,,1.47E-04,2.1800001
1.48E-04,-4.40E-01,,1.48E-04,2.1599998
1.48E-04,-4.20E-01,,1.48E-04,2.1599998
1.48E-04,-4.00E-01,,1.48E-04,2.1599998
1.49E-04,-4.60E-01,,1.49E-04,2.1399999
1.49E-04,-4.20E-01,,1.49E-04,2.2
1.50E-04,-4.40E-01,,1.50E-04,2.1599998
1.50E-04,-4.40E-01,,1.50E-04,2.1399999
1.50E-04,-4.20E-01,,1.50E-04,2.2
1.51E-04,-4.40E-01,,1.51E-04,2.1800001
1.51E-04,-4.20E-01,,1.51E-04,2.2
1.52E-04,-4.20E-01,,1.52E-04,2.22
1.52E-04,-4.40E-01,,1.52E-04,2.1800001
1.52E-04,-4.40E-01,,1.52E-04,2.2
1.53E-04,-4.20E-01,,1.53E-04,2.22
1.53E-04,-4.00E-01,,1.53E-04,2.22
1.54E-04,-4.20E-01,,1.54E-04,2.1800001
1.54E-04,-4.20E-01,,1.54E-04,2.22
1.54E-04,-4.20E-01,,1.54E-04,2.2
1.55E-04,-4.20E-01,,1.55E-04,2.22
1.55E-04,-4.20E-01,,1.55E-04,2.22
1.56E-04,-4.40E-01,,1.56E-04,2.22
1.56E-04,-4.40E-01,,1.56E-04,2.24
1.56E-04,-4.40E-01,,1.56E-04,2.24
1.57E-04,-4.40E-01,,1.57E-04,2.24
1.57E-04,-4.20E-01,,1.57E-04,2.22
1.58E-04,-4.00E-01,,1.58E-04,2.22
1.58E-04,-4.20E-01,,1.58E-04,2.24
1.58E-04,-4.20E-01,,1.58E-04,2.24
1.59E-04,-4.40E-01,,1.59E-04,2.24
1.59E-04,-4.00E-01,,1.59E-04,2.22
1.60E-04,-4.00E-01,,1.60E-04,2.22
1.60E-04,-4.00E-01,,1.60E-04,2.26
1.60E-04,-4.20E-01,,1.60E-04,2.26
1.61E-04,-4.20E-01,,1.61E-04,2.24
1.61E-04,-4.20E-01,,1.61E-04,2.24
1.62E-04,-4.20E-01,,1.62E-04,2.24
1.62E-04,-4.40E-01,,1.62E-04,2.26
1.62E-04,-4.20E-01,,1.62E-04,2.26
1.63E-04,-4.60E-01,,1.63E-04,2.28
1.63E-04,-4.00E-01,,1.63E-04,2.28
1.64E-04,-4.20E-01,,1.64E-04,2.28
1.64E-04,-4.00E-01,,1.64E-04,2.24
1.64E-04,-4.20E-01,,1.64E-04,2.26
1.65E-04,-4.20E-01,,1.65E-04,2.26
1.65E-04,-4.40E-01,,1.65E-04,2.28
1.66E-04,-4.20E-01,,1.66E-04,2.28
1.66E-04,-4.20E-01,,1.66E-04,2.3
1.66E-04,-4.00E-01,,1.66E-04,2.3
1.67E-04,-4.20E-01,,1.67E-04,2.3199999
1.67E-04,-4.20E-01,,1.67E-04,2.28
1.68E-04,-4.00E-01,,1.68E-04,2.3
1.68E-04,-4.00E-01,,1.68E-04,2.3
1.68E-04,-4.20E-01,,1.68E-04,2.3
1.69E-04,-4.20E-01,,1.69E-04,2.28
1.69E-04,-4.40E-01,,1.69E-04,2.26
1.70E-04,-4.20E-01,,1.70E-04,2.3
1.70E-04,-4.00E-01,,1.70E-04,2.3
1.70E-04,-4.40E-01,,1.70E-04,2.3199999
1.71E-04,-4.40E-01,,1.71E-04,2.3
1.71E-04,-4.20E-01,,1.71E-04,2.3
1.72E-04,-4.00E-01,,1.72E-04,2.3
1.72E-04,-4.20E-01,,1.72E-04,2.3
1.72E-04,-4.00E-01,,1.72E-04,2.3199999
1.73E-04,-4.60E-01,,1.73E-04,2.3199999
1.73E-04,-4.20E-01,,1.73E-04,2.3199999
1.74E-04,-4.20E-01,,1.74E-04,2.3199999
1.74E-04,-4.40E-01,,1.74E-04,2.3199999
1.74E-04,-4.00E-01,,1.74E-04,2.3199999
1.75E-04,-4.20E-01,,1.75E-04,2.3
1.75E-04,-4.40E-01,,1.75E-04,2.3399999
1.76E-04,-4.20E-01,,1.76E-04,2.3599999
1.76E-04,-4.00E-01,,1.76E-04,2.3199999
1.76E-04,-4.40E-01,,1.76E-04,2.3399999
1.77E-04,-4.40E-01,,1.77E-04,2.3399999
1.77E-04,-4.20E-01,,1.77E-04,2.3399999
1.78E-04,-4.00E-01,,1.78E-04,2.3199999
1.78E-04,-4.00E-01,,1.78E-04,2.3399999
1.78E-04,-4.00E-01,,1.78E-04,2.3599999
1.79E-04,-4.20E-01,,1.79E-04,2.3199999
1.79E-04,-4.00E-01,,1.79E-04,2.3199999
1.80E-04,-4.00E-01,,1.80E-04,2.3599999
1.80E-04,-4.00E-01,,1.80E-04,2.3599999
1.80E-04,-4.00E-01,,1.80E-04,2.3599999
1.81E-04,-4.40E-01,,1.81E-04,2.3399999
1.81E-04,-4.20E-01,,1.81E-04,2.3199999
1.82E-04,-4.20E-01,,1.82E-04,2.3399999
1.82E-04,-4.40E-01,,1.82E-04,2.3799999
1.82E-04,-4.40E-01,,1.82E-04,2.3599999
1.83E-04,-4.20E-01,,1.83E-04,2.3599999
1.83E-04,-4.40E-01,,1.83E-04,2.3599999
1.84E-04,-4.40E-01,,1.84E-04,2.3799999
1.84E-04,-4.20E-01,,1.84E-04,2.3399999
1.84E-04,-4.00E-01,,1.84E-04,2.3599999
1.85E-04,-4.20E-01,,1.85E-04,2.3399999
1.85E-04,-4.20E-01,,1.85E-04,2.3599999
1.86E-04,-4.40E-01,,1.86E-04,2.3399999
1.86E-04,-4.00E-01,,1.86E-04,2.3599999
1.86E-04,-4.40E-01,,1.86E-04,2.3599999
1.87E-04,-4.20E-01,,1.87E-04,2.3799999
1.87E-04,-4.20E-01,,1.87E-04,2.3999999
1.88E-04,-3.80E-01,,1.88E-04,2.3799999
1.88E-04,-4.20E-01,,1.88E-04,2.3799999
1.88E-04,-4.20E-01,,1.88E-04,2.3599999
1.89E-04,-4.20E-01,,1.89E-04,2.3599999
1.89E-04,-4.20E-01,,1.89E-04,2.3599999
1.90E-04,-4.20E-01,,1.90E-04,2.3599999
1.90E-04,-4.00E-01,,1.90E-04,2.3799999
1.90E-04,-4.40E-01,,1.90E-04,2.3399999
1.91E-04,-4.00E-01,,1.91E-04,2.3799999
1.91E-04,-4.20E-01,,1.91E-04,2.3799999
1.92E-04,-4.20E-01,,1.92E-04,2.3799999
1.92E-04,-4.40E-01,,1.92E-04,2.3799999
1.92E-04,-4.00E-01,,1.92E-04,2.3799999
1.93E-04,-4.00E-01,,1.93E-04,2.3799999
1.93E-04,-4.20E-01,,1.93E-04,2.3999999
1.94E-04,-4.20E-01,,1.94E-04,2.3799999
1.94E-04,-4.20E-01,,1.94E-04,2.3999999
1.94E-04,-4.20E-01,,1.94E-04,2.3799999
1.95E-04,-4.40E-01,,1.95E-04,2.3799999
1.95E-04,-4.20E-01,,1.95E-04,2.4199998
1.96E-04,-4.20E-01,,1.96E-04,2.3999999
1.96E-04,-4.20E-01,,1.96E-04,2.4199998
1.96E-04,-4.20E-01,,1.96E-04,2.3999999
1.97E-04,-4.20E-01,,1.97E-04,2.3999999
1.97E-04,-4.20E-01,,1.97E-04,2.3799999
1.98E-04,-4.00E-01,,1.98E-04,2.3999999
1.98E-04,-4.40E-01,,1.98E-04,2.4199998
1.98E-04,-4.40E-01,,1.98E-04,2.3999999
1.99E-04,-4.20E-01,,1.99E-04,2.3799999
1.99E-04,-4.40E-01,,1.99E-04,2.3799999
2.00E-04,-4.20E-01,,2.00E-04,2.3999999
2.00E-04,-4.40E-01,,2.00E-04,2.4199998
2.00E-04,-4.20E-01,,2.00E-04,2.3999999
2.01E-04,-4.40E-01,,2.01E-04,2.3999999
2.01E-04,-4.60E-01,,2.01E-04,2.4199998
2.02E-04,-4.20E-01,,2.02E-04,2.4199998
2.02E-04,-4.20E-01,,2.02E-04,2.4199998
2.02E-04,-4.40E-01,,2.02E-04,2.3999999
2.03E-04,-4.40E-01,,2.03E-04,2.4199998
2.03E-04,-4.40E-01,,2.03E-04,2.3999999
2.04E-04,-4.20E-01,,2.04E-04,2.3799999
2.04E-04,-4.20E-01,,2.04E-04,2.4199998
2.04E-04,-4.20E-01,,2.04E-04,2.3799999
2.05E-04,-4.20E-01,,2.05E-04,2.3799999
2.05E-04,-4.40E-01,,2.05E-04,2.4199998
2.06E-04,-4.20E-01,,2.06E-04,2.3799999
2.06E-04,-4.20E-01,,2.06E-04,2.3999999
2.06E-04,-4.00E-01,,2.06E-04,2.4199998
2.07E-04,-4.60E-01,,2.07E-04,2.3999999
2.07E-04,-4.20E-01,,2.07E-04,2.4199998
2.08E-04,-4.20E-01,,2.08E-04,2.4199998
2.08E-04,-4.20E-01,,2.08E-04,2.4199998
2.08E-04,-4.40E-01,,2.08E-04,2.3999999
2.09E-04,-4.40E-01,,2.09E-04,2.4199998
2.09E-04,-4.40E-01,,2.09E-04,2.3999999
2.10E-04,-4.60E-01,,2.10E-04,2.4199998
2.10E-04,-4.20E-01,,2.10E-04,2.3999999
2.10E-04,-4.40E-01,,2.10E-04,2.4199998
2.11E-04,-3.80E-01,,2.11E-04,2.3999999
2.11E-04,-4.20E-01,,2.11E-04,2.3999999
2.12E-04,-4.00E-01,,2.12E-04,2.3999999
2.12E-04,-4.00E-01,,2.12E-04,2.3799999
2.12E-04,-4.40E-01,,2.12E-04,2.3999999
2.13E-04,-4.40E-01,,2.13E-04,2.4199998
2.13E-04,-4.40E-01,,2.13E-04,2.3999999
2.14E-04,-4.20E-01,,2.14E-04,2.4199998
2.14E-04,-4.00E-01,,2.14E-04,2.3999999
2.14E-04,-4.20E-01,,2.14E-04,2.4199998
2.15E-04,-4.00E-01,,2.15E-04,2.3999999
2.15E-04,-4.20E-01,,2.15E-04,2.3999999
2.16E-04,-4.00E-01,,2.16E-04,2.4199998
2.16E-04,-4.20E-01,,2.16E-04,2.4400001
2.16E-04,-4.20E-01,,2.16E-04,2.3999999
2.17E-04,-4.20E-01,,2.17E-04,2.3999999
2.17E-04,-4.20E-01,,2.17E-04,2.3799999
2.18E-04,-4.20E-01,,2.18E-04,2.4199998
2.18E-04,-4.40E-01,,2.18E-04,2.4400001
2.18E-04,-4.00E-01,,2.18E-04,2.4199998
2.19E-04,-4.00E-01,,2.19E-04,2.4199998
2.19E-04,-4.20E-01,,2.19E-04,2.4199998
2.20E-04,-4.40E-01,,2.20E-04,2.4199998
2.20E-04,-4.20E-01,,2.20E-04,2.3999999
2.20E-04,-4.20E-01,,2.20E-04,2.4400001
2.21E-04,-4.20E-01,,2.21E-04,2.3799999
2.21E-04,-4.40E-01,,2.21E-04,2.4199998
2.22E-04,-4.20E-01,,2.22E-04,2.3799999
2.22E-04,-4.20E-01,,2.22E-04,2.3999999
2.22E-04,-4.00E-01,,2.22E-04,2.4199998
2.23E-04,-4.20E-01,,2.23E-04,2.4400001
2.23E-04,-4.40E-01,,2.23E-04,2.4199998
2.24E-04,-4.20E-01,,2.24E-04,2.4199998
2.24E-04,-4.00E-01,,2.24E-04,2.4400001
2.24E-04,-4.00E-01,,2.24E-04,2.4199998
2.25E-04,-4.20E-01,,2.25E-04,2.3999999
2.25E-04,-4.40E-01,,2.25E-04,2.4400001
2.26E-04,-4.20E-01,,2.26E-04,2.3799999
2.26E-04,-4.60E-01,,2.26E-04,2.4199998
2.26E-04,-4.20E-01,,2.26E-04,2.4199998
2.27E-04,-4.40E-01,,2.27E-04,2.4400001
2.27E-04,-3.80E-01,,2.27E-04,2.3999999
2.28E-04,-4.40E-01,,2.28E-04,2.4199998
2.28E-04,-4.20E-01,,2.28E-04,2.3999999
2.28E-04,-4.20E-01,,2.28E-04,2.3799999
2.29E-04,-4.20E-01,,2.29E-04,2.3999999
2.29E-04,-4.40E-01,,2.29E-04,2.4199998
2.30E-04,-4.40E-01,,2.30E-04,2.3999999
2.30E-04,-4.20E-01,,2.30E-04,2.4199998
2.30E-04,-4.20E-01,,2.30E-04,2.4199998
2.31E-04,-4.40E-01,,2.31E-04,2.4400001
2.31E-04,-4.40E-01,,2.31E-04,2.4199998
2.32E-04,-4.40E-01,,2.32E-04,2.4199998
2.32E-04,-4.40E-01,,2.32E-04,2.4199998
2.32E-04,-4.40E-01,,2.32E-04,2.3999999
2.33E-04,-4.20E-01,,2.33E-04,2.3999999
2.33E-04,-4.40E-01,,2.33E-04,2.3999999
2.34E-04,-4.20E-01,,2.34E-04,2.3999999
2.34E-04,-4.40E-01,,2.34E-04,2.4199998
2.34E-04,-4.40E-01,,2.34E-04,2.4199998
2.35E-04,-4.40E-01,,2.35E-04,2.3999999
2.35E-04,-4.20E-01,,2.35E-04,2.4199998
2.36E-04,-4.40E-01,,2.36E-04,2.3999999
2.36E-04,-4.20E-01,,2.36E-04,2.3999999
2.36E-04,-4.20E-01,,2.36E-04,2.4199998
2.37E-04,-4.20E-01,,2.37E-04,2.3999999
2.37E-04,-4.40E-01,,2.37E-04,2.3999999
2.38E-04,-4.40E-01,,2.38E-04,2.4199998
2.38E-04,-4.00E-01,,2.38E-04,2.3999999
2.38E-04,-4.00E-01,,2.38E-04,2.3999999
2.39E-04,-4.20E-01,,2.39E-04,2.3799999
2.39E-04,-4.20E-01,,2.39E-04,2.4400001
2.40E-04,-4.20E-01,,2.40E-04,2.3999999
2.40E-04,-4.20E-01,,2.40E-04,2.3999999
2.40E-04,-4.20E-01,,2.40E-04,2.4400001
2.41E-04,-4.40E-01,,2.41E-04,2.4199998
2.41E-04,-4.20E-01,,2.41E-04,2.4199998
2.42E-04,-4.00E-01,,2.42E-04,2.3999999
2.42E-04,-4.40E-01,,2.42E-04,2.3799999
2.42E-04,-4.20E-01,,2.42E-04,2.3999999
2.43E-04,-4.40E-01,,2.43E-04,2.4199998
2.43E-04,-4.20E-01,,2.43E-04,2.3799999
2.44E-04,-4.40E-01,,2.44E-04,2.3999999
2.44E-04,-4.20E-01,,2.44E-04,2.4199998
2.44E-04,-4.40E-01,,2.44E-04,2.4199998
2.45E-04,-4.40E-01,,2.45E-04,2.3799999
2.45E-04,-4.20E-01,,2.45E-04,2.4199998
2.46E-04,-4.00E-01,,2.46E-04,2.4400001
2.46E-04,-4.20E-01,,2.46E-04,2.4199998
2.46E-04,-4.20E-01,,2.46E-04,2.3799999
2.47E-04,-4.40E-01,,2.47E-04,2.3999999
2.47E-04,-4.00E-01,,2.47E-04,2.4199998
2.48E-04,-4.20E-01,,2.48E-04,2.4199998
2.48E-04,-4.20E-01,,2.48E-04,2.3999999
2.48E-04,-4.20E-01,,2.48E-04,2.4199998
2.49E-04,-4.40E-01,,2.49E-04,2.3999999
2.49E-04,-4.20E-01,,2.49E-04,2.4199998
2.50E-04,-4.20E-01,,2.50E-04,2.4199998
2.50E-04,-4.40E-01,,2.50E-04,2.3999999
2.50E-04,-4.00E-01,,2.50E-04,2.3999999
2.51E-04,-4.20E-01,,2.51E-04,2.3799999
2.51E-04,-4.20E-01,,2.51E-04,2.3799999
2.52E-04,-4.20E-01,,2.52E-04,2.4199998
2.52E-04,-4.40E-01,,2.52E-04,2.3999999
2.52E-04,-4.20E-01,,2.52E-04,2.3999999
2.53E-04,-4.00E-01,,2.53E-04,2.3999999
2.53E-04,-4.20E-01,,2.53E-04,2.3799999
2.54E-04,-4.20E-01,,2.54E-04,2.3999999
2.54E-04,-4.20E-01,,2.54E-04,2.3799999
2.54E-04,-4.40E-01,,2.54E-04,2.4199998
2.55E-04,-4.40E-01,,2.55E-04,2.3799999
2.55E-04,-4.20E-01,,2.55E-04,2.3999999
2.56E-04,-4.40E-01,,2.56E-04,2.3999999
2.56E-04,-4.20E-01,,2.56E-04,2.3999999
2.56E-04,-4.00E-01,,2.56E-04,2.3999999
2.57E-04,-4.20E-01,,2.57E-04,2.3999999
2.57E-04,-4.00E-01,,2.57E-04,2.3999999
2.58E-04,-4.40E-01,,2.58E-04,2.4199998
2.58E-04,-4.20E-01,,2.58E-04,2.3999999
2.58E-04,-4.20E-01,,2.58E-04,2.3799999
2.59E-04,-4.20E-01,,2.59E-04,2.4400001
2.59E-04,-4.20E-01,,2.59E-04,2.4199998
2.60E-04,-4.20E-01,,2.60E-04,2.3999999
2.60E-04,-4.40E-01,,2.60E-04,2.3999999
2.60E-04,-4.20E-01,,2.60E-04,2.3799999
2.61E-04,-4.40E-01,,2.61E-04,2.3999999
2.61E-04,-4.40E-01,,2.61E-04,2.3999999
2.62E-04,-4.40E-01,,2.62E-04,2.3799999
2.62E-04,-4.00E-01,,2.62E-04,2.4199998
2.62E-04,-4.40E-01,,2.62E-04,2.3999999
2.63E-04,-4.40E-01,,2.63E-04,2.3999999
2.63E-04,-4.20E-01,,2.63E-04,2.3999999
2.64E-04,-4.20E-01,,2.64E-04,2.3799999
2.64E-04,-4.20E-01,,2.64E-04,2.3599999
2.64E-04,-4.20E-01,,2.64E-04,2.3999999
2.65E-04,-4.40E-01,,2.65E-04,2.3999999
2.65E-04,-4.00E-01,,2.65E-04,2.3999999
2.66E-04,-4.60E-01,,2.66E-04,2.4199998
2.66E-04,-4.20E-01,,2.66E-04,2.3799999
2.66E-04,-4.20E-01,,2.66E-04,2.4199998
2.67E-04,-4.00E-01,,2.67E-04,2.3999999
2.67E-04,-4.40E-01,,2.67E-04,2.3999999
2.68E-04,-4.00E-01,,2.68E-04,2.4199998
2.68E-04,-4.20E-01,,2.68E-04,2.3799999
2.68E-04,-4.20E-01,,2.68E-04,2.3999999
2.69E-04,-4.40E-01,,2.69E-04,2.3799999
2.69E-04,-4.00E-01,,2.69E-04,2.3999999
2.70E-04,-4.20E-01,,2.70E-04,2.3599999
2.70E-04,-4.20E-01,,2.70E-04,2.3999999
2.70E-04,-4.20E-01,,2.70E-04,2.3999999
2.71E-04,-4.40E-01,,2.71E-04,2.3999999
2.71E-04,-4.40E-01,,2.71E-04,2.3799999
2.72E-04,-4.40E-01,,2.72E-04,2.3999999
2.72E-04,-3.80E-01,,2.72E-04,2.4199998
2.72E-04,-4.20E-01,,2.72E-04,2.3799999
2.73E-04,-4.20E-01,,2.73E-04,2.4199998
2.73E-04,-4.20E-01,,2.73E-04,2.3999999
2.74E-04,-4.20E-01,,2.74E-04,2.4199998
2.74E-04,-4.20E-01,,2.74E-04,2.3799999
2.74E-04,-4.40E-01,,2.74E-04,2.3799999
2.75E-04,-4.00E-01,,2.75E-04,2.3999999
2.75E-04,-4.40E-01,,2.75E-04,2.4199998
2.76E-04,-4.20E-01,,2.76E-04,2.3799999
2.76E-04,-4.40E-01,,2.76E-04,2.3799999
2.76E-04,-4.20E-01,,2.76E-04,2.3999999
2.77E-04,-4.20E-01,,2.77E-04,2.4199998
2.77E-04,-4.20E-01,,2.77E-04,2.4199998
2.78E-04,-4.00E-01,,2.78E-04,2.3999999
2.78E-04,-4.20E-01,,2.78E-04,2.3799999
2.78E-04,-4.40E-01,,2.78E-04,2.3799999
2.79E-04,-4.00E-01,,2.79E-04,2.4199998
2.79E-04,-4.40E-01,,2.79E-04,2.3999999
2.80E-04,-4.20E-01,,2.80E-04,2.3999999
2.80E-04,-4.40E-01,,2.80E-04,2.3999999
2.80E-04,-4.20E-01,,2.80E-04,2.3999999
2.81E-04,-4.40E-01,,2.81E-04,2.3999999
2.81E-04,-4.40E-01,,2.81E-04,2.3999999
2.82E-04,-4.00E-01,,2.82E-04,2.3999999
2.82E-04,-4.00E-01,,2.82E-04,2.3999999
2.82E-04,-4.20E-01,,2.82E-04,2.3999999
2.83E-04,-4.00E-01,,2.83E-04,2.3999999
2.83E-04,-4.20E-01,,2.83E-04,2.3999999
2.84E-04,-4.40E-01,,2.84E-04,2.3999999
2.84E-04,-4.00E-01,,2.84E-04,2.3999999
2.84E-04,-4.20E-01,,2.84E-04,2.3999999
2.85E-04,-4.20E-01,,2.85E-04,2.4199998
2.85E-04,-4.20E-01,,2.85E-04,2.4199998
2.86E-04,-4.00E-01,,2.86E-04,2.3999999
2.86E-04,-4.20E-01,,2.86E-04,2.4199998
2.86E-04,-4.40E-01,,2.86E-04,2.4199998
2.87E-04,-4.20E-01,,2.87E-04,2.4199998
2.87E-04,-4.40E-01,,2.87E-04,2.4199998
2.88E-04,-4.00E-01,,2.88E-04,2.3999999
2.88E-04,-4.20E-01,,2.88E-04,2.3999999
2.88E-04,-4.40E-01,,2.88E-04,2.3999999
2.89E-04,-4.00E-01,,2.89E-04,2.4199998
2.89E-04,-4.20E-01,,2.89E-04,2.3999999
2.90E-04,-4.60E-01,,2.90E-04,2.3999999
2.90E-04,-4.00E-01,,2.90E-04,2.4199998
2.90E-04,-4.20E-01,,2.90E-04,2.4199998
2.91E-04,-4.00E-01,,2.91E-04,2.4199998
2.91E-04,-4.00E-01,,2.91E-04,2.3999999
2.92E-04,-4.20E-01,,2.92E-04,2.4199998
2.92E-04,-4.20E-01,,2.92E-04,2.4400001
2.92E-04,-3.80E-01,,2.92E-04,2.3999999
2.93E-04,-4.20E-01,,2.93E-04,2.4199998
2.93E-04,-4.00E-01,,2.93E-04,2.3799999
2.94E-04,-4.40E-01,,2.94E-04,2.4199998
2.94E-04,-4.00E-01,,2.94E-04,2.4199998
2.94E-04,-4.20E-01,,2.94E-04,2.3999999
2.95E-04,-4.20E-01,,2.95E-04,2.3999999
2.95E-04,-4.20E-01,,2.95E-04,2.3999999
2.96E-04,-4.20E-01,,2.96E-04,2.4199998
2.96E-04,-4.20E-01,,2.96E-04,2.4199998
2.96E-04,-4.00E-01,,2.96E-04,2.4400001
2.97E-04,-4.20E-01,,2.97E-04,2.4400001
2.97E-04,-4.00E-01,,2.97E-04,2.3999999
2.98E-04,-4.00E-01,,2.98E-04,2.4199998
2.98E-04,-4.20E-01,,2.98E-04,2.4199998
2.98E-04,-4.00E-01,,2.98E-04,2.4199998
2.99E-04,-4.20E-01,,2.99E-04,2.4199998
2.99E-04,-4.00E-01,,2.99E-04,2.4199998
3.00E-04,-4.20E-01,,3.00E-04,2.4199998
3.00E-04,-4.20E-01,,3.00E-04,2.4400001
3.00E-04,-4.20E-01,,3.00E-04,2.4199998
3.01E-04,-4.40E-01,,3.01E-04,2.4199998
3.01E-04,-4.20E-01,,3.01E-04,2.4199998
3.02E-04,-4.00E-01,,3.02E-04,2.46
3.02E-04,-4.20E-01,,3.02E-04,2.4199998
3.02E-04,-4.40E-01,,3.02E-04,2.4199998
3.03E-04,-4.20E-01,,3.03E-04,2.4199998
3.03E-04,-4.00E-01,,3.03E-04,2.3999999
3.04E-04,-4.00E-01,,3.04E-04,2.4400001
3.04E-04,-4.20E-01,,3.04E-04,2.4199998
3.04E-04,-4.20E-01,,3.04E-04,2.4199998
3.05E-04,-4.00E-01,,3.05E-04,2.4400001
3.05E-04,-4.60E-01,,3.05E-04,2.3999999
3.06E-04,-4.20E-01,,3.06E-04,2.4400001
3.06E-04,-4.40E-01,,3.06E-04,2.4199998
3.06E-04,-4.20E-01,,3.06E-04,2.4199998
3.07E-04,-4.20E-01,,3.07E-04,2.46
3.07E-04,-4.20E-01,,3.07E-04,2.4199998
3.08E-04,-4.40E-01,,3.08E-04,2.4400001
3.08E-04,-4.40E-01,,3.08E-04,2.4199998
3.08E-04,-4.60E-01,,3.08E-04,2.46
3.09E-04,-4.00E-01,,3.09E-04,2.4400001
3.09E-04,-4.40E-01,,3.09E-04,2.4400001
3.10E-04,-4.20E-01,,3.10E-04,2.46
3.10E-04,-4.20E-01,,3.10E-04,2.46
3.10E-04,-4.20E-01,,3.10E-04,2.4400001
3.11E-04,-4.20E-01,,3.11E-04,2.4400001
3.11E-04,-4.20E-01,,3.11E-04,2.4400001
3.12E-04,-4.20E-01,,3.12E-04,2.48
3.12E-04,-4.20E-01,,3.12E-04,2.48
3.12E-04,-4.20E-01,,3.12E-04,2.4400001
3.13E-04,-4.20E-01,,3.13E-04,2.46
3.13E-04,-4.00E-01,,3.13E-04,2.48
3.14E-04,-4.20E-01,,3.14E-04,2.4400001
3.14E-04,-4.20E-01,,3.14E-04,2.46
3.14E-04,-4.40E-01,,3.14E-04,2.48
3.15E-04,-4.40E-01,,3.15E-04,2.48
3.15E-04,-4.20E-01,,3.15E-04,2.46
3.16E-04,-4.20E-01,,3.16E-04,2.48
3.16E-04,-4.00E-01,,3.16E-04,2.4400001
3.16E-04,-4.20E-01,,3.16E-04,2.5
3.17E-04,-4.20E-01,,3.17E-04,2.48
3.17E-04,-4.00E-01,,3.17E-04,2.48
3.18E-04,-4.20E-01,,3.18E-04,2.5
3.18E-04,-4.20E-01,,3.18E-04,2.46
3.18E-04,-4.00E-01,,3.18E-04,2.5
3.19E-04,-4.40E-01,,3.19E-04,2.46
3.19E-04,-4.00E-01,,3.19E-04,2.5
3.20E-04,-4.20E-01,,3.20E-04,2.48
3.20E-04,-4.20E-01,,3.20E-04,2.5
3.20E-04,-4.40E-01,,3.20E-04,2.5
3.21E-04,-4.20E-01,,3.21E-04,2.5
3.21E-04,-4.20E-01,,3.21E-04,2.52
3.22E-04,-4.00E-01,,3.22E-04,2.52
3.22E-04,-4.00E-01,,3.22E-04,2.5
3.22E-04,-4.00E-01,,3.22E-04,2.48
3.23E-04,-4.20E-01,,3.23E-04,2.5
3.23E-04,-4.40E-01,,3.23E-04,2.52
3.24E-04,-4.00E-01,,3.24E-04,2.52
3.24E-04,-4.40E-01,,3.24E-04,2.52
3.24E-04,-4.00E-01,,3.24E-04,2.52
3.25E-04,-4.20E-01,,3.25E-04,2.5
3.25E-04,-4.20E-01,,3.25E-04,2.5
3.26E-04,-4.40E-01,,3.26E-04,2.5
3.26E-04,-4.20E-01,,3.26E-04,2.54
3.26E-04,-4.00E-01,,3.26E-04,2.52
3.27E-04,-4.40E-01,,3.27E-04,2.52
3.27E-04,-4.20E-01,,3.27E-04,2.52
3.28E-04,-4.20E-01,,3.28E-04,2.52
3.28E-04,-4.60E-01,,3.28E-04,2.54
3.28E-04,-4.00E-01,,3.28E-04,2.52
3.29E-04,-4.20E-01,,3.29E-04,2.54
3.29E-04,-4.40E-01,,3.29E-04,2.54
3.30E-04,-4.00E-01,,3.30E-04,2.54
3.30E-04,-4.20E-01,,3.30E-04,2.54
3.30E-04,-4.20E-01,,3.30E-04,2.54
3.31E-04,-4.20E-01,,3.31E-04,2.54
3.31E-04,-4.20E-01,,3.31E-04,2.5799999
3.32E-04,-4.00E-01,,3.32E-04,2.5799999
3.32E-04,-4.40E-01,,3.32E-04,2.54
3.32E-04,-4.20E-01,,3.32E-04,2.52
3.33E-04,-4.00E-01,,3.33E-04,2.52
3.33E-04,-4.40E-01,,3.33E-04,2.5599999
3.34E-04,-4.20E-01,,3.34E-04,2.5799999
3.34E-04,-4.20E-01,,3.34E-04,2.5799999
3.34E-04,-4.20E-01,,3.34E-04,2.5799999
3.35E-04,-4.20E-01,,3.35E-04,2.5999999
3.35E-04,-4.20E-01,,3.35E-04,2.5999999
3.36E-04,-4.00E-01,,3.36E-04,2.5799999
3.36E-04,-4.00E-01,,3.36E-04,2.5799999
3.36E-04,-3.80E-01,,3.36E-04,2.5599999
3.37E-04,-4.20E-01,,3.37E-04,2.5799999
3.37E-04,-4.20E-01,,3.37E-04,2.5799999
3.38E-04,-4.20E-01,,3.38E-04,2.5799999
3.38E-04,-4.00E-01,,3.38E-04,2.6199999
3.38E-04,-4.20E-01,,3.38E-04,2.5799999
3.39E-04,-4.20E-01,,3.39E-04,2.5999999
3.39E-04,-4.20E-01,,3.39E-04,2.6199999
3.40E-04,-4.00E-01,,3.40E-04,2.5799999
3.40E-04,-4.40E-01,,3.40E-04,2.6199999
3.40E-04,-4.20E-01,,3.40E-04,2.6199999
3.41E-04,-4.20E-01,,3.41E-04,2.6199999
3.41E-04,-4.00E-01,,3.41E-04,2.6199999
3.42E-04,-4.00E-01,,3.42E-04,2.5999999
3.42E-04,-4.40E-01,,3.42E-04,2.5999999
3.42E-04,-4.20E-01,,3.42E-04,2.6199999
3.43E-04,-4.40E-01,,3.43E-04,2.6399999
3.43E-04,-4.00E-01,,3.43E-04,2.6399999
3.44E-04,-4.20E-01,,3.44E-04,2.6399999
3.44E-04,-4.20E-01,,3.44E-04,2.6399999
3.44E-04,-4.00E-01,,3.44E-04,2.6599998
3.45E-04,-4.40E-01,,3.45E-04,2.6399999
3.45E-04,-4.40E-01,,3.45E-04,2.6399999
3.46E-04,-4.40E-01,,3.46E-04,2.6799998
3.46E-04,-4.00E-01,,3.46E-04,2.6599998
3.46E-04,-4.60E-01,,3.46E-04,2.6599998
3.47E-04,-4.20E-01,,3.47E-04,2.6399999
3.47E-04,-4.20E-01,,3.47E-04,2.6399999
3.48E-04,-4.40E-01,,3.48E-04,2.6599998
3.48E-04,-4.60E-01,,3.48E-04,2.6599998
3.48E-04,-4.20E-01,,3.48E-04,2.6799998
3.49E-04,-4.40E-01,,3.49E-04,2.6599998
3.49E-04,-4.20E-01,,3.49E-04,2.6799998
3.50E-04,-4.40E-01,,3.50E-04,2.7
3.50E-04,-4.20E-01,,3.50E-04,2.6599998
3.50E-04,-4.40E-01,,3.50E-04,2.6799998
3.51E-04,-4.20E-01,,3.51E-04,2.6799998
3.51E-04,-4.40E-01,,3.51E-04,2.7
3.52E-04,-4.20E-01,,3.52E-04,2.7
3.52E-04,-4.40E-01,,3.52E-04,2.7
3.52E-04,-4.40E-01,,3.52E-04,2.7
3.53E-04,-4.20E-01,,3.53E-04,2.74000001
3.53E-04,-4.20E-01,,3.53E-04,2.74000001
3.54E-04,-4.20E-01,,3.54E-04,2.72000003
3.54E-04,-4.20E-01,,3.54E-04,2.7
3.54E-04,-4.40E-01,,3.54E-04,2.72000003
3.55E-04,-4.40E-01,,3.55E-04,2.74000001
3.55E-04,-4.20E-01,,3.55E-04,2.7
3.56E-04,-4.40E-01,,3.56E-04,2.72000003
3.56E-04,-4.60E-01,,3.56E-04,2.74000001
3.56E-04,-4.60E-01,,3.56E-04,2.75999999
3.57E-04,-4.60E-01,,3.57E-04,2.74000001
3.57E-04,-4.20E-01,,3.57E-04,2.75999999
3.58E-04,-4.00E-01,,3.58E-04,2.74000001
3.58E-04,-4.20E-01,,3.58E-04,2.77999997
3.58E-04,-4.40E-01,,3.58E-04,2.77999997
3.59E-04,-4.40E-01,,3.59E-04,2.75999999
3.59E-04,-4.40E-01,,3.59E-04,2.75999999
3.60E-04,-4.20E-01,,3.60E-04,2.77999997
3.60E-04,-4.40E-01,,3.60E-04,2.77999997
3.60E-04,-4.20E-01,,3.60E-04,2.77999997
3.61E-04,-4.40E-01,,3.61E-04,2.79999995
3.61E-04,-4.20E-01,,3.61E-04,2.79999995
3.62E-04,-4.20E-01,,3.62E-04,2.79999995
3.62E-04,-4.40E-01,,3.62E-04,2.77999997
3.62E-04,-4.00E-01,,3.62E-04,2.77999997
3.63E-04,-4.20E-01,,3.63E-04,2.79999995
3.63E-04,-4.20E-01,,3.63E-04,2.79999995
3.64E-04,-4.20E-01,,3.64E-04,2.79999995
3.64E-04,-4.40E-01,,3.64E-04,2.83999991
3.64E-04,-4.20E-01,,3.64E-04,2.79999995
3.65E-04,-4.00E-01,,3.65E-04,2.81999993
3.65E-04,-4.20E-01,,3.65E-04,2.81999993
3.66E-04,-4.20E-01,,3.66E-04,2.83999991
3.66E-04,-4.00E-01,,3.66E-04,2.8599999
3.66E-04,-4.20E-01,,3.66E-04,2.83999991
3.67E-04,-4.00E-01,,3.67E-04,2.8599999
3.67E-04,-4.00E-01,,3.67E-04,2.8599999
3.68E-04,-4.40E-01,,3.68E-04,2.8599999
3.68E-04,-4.20E-01,,3.68E-04,2.87999988
3.68E-04,-4.00E-01,,3.68E-04,2.8599999
3.69E-04,-4.20E-01,,3.69E-04,2.87999988
3.69E-04,-4.00E-01,,3.69E-04,2.87999988
3.70E-04,-4.20E-01,,3.70E-04,2.87999988
3.70E-04,-4.00E-01,,3.70E-04,2.87999988
3.70E-04,-3.80E-01,,3.70E-04,2.89999986
3.71E-04,-4.00E-01,,3.71E-04,2.87999988
3.71E-04,-4.20E-01,,3.71E-04,2.89999986
3.72E-04,-3.80E-01,,3.72E-04,2.89999986
3.72E-04,-4.00E-01,,3.72E-04,2.87999988
3.72E-04,-3.80E-01,,3.72E-04,2.87999988
3.73E-04,-4.00E-01,,3.73E-04,2.89999986
3.73E-04,-4.20E-01,,3.73E-04,2.91999984
3.74E-04,-4.00E-01,,3.74E-04,2.91999984
3.74E-04,-4.00E-01,,3.74E-04,2.93999982
3.74E-04,-4.20E-01,,3.74E-04,2.93999982
3.75E-04,-4.00E-01,,3.75E-04,2.87999988
3.75E-04,-4.00E-01,,3.75E-04,2.93999982
3.76E-04,-3.80E-01,,3.76E-04,2.91999984
3.76E-04,-4.00E-01,,3.76E-04,2.93999982
3.76E-04,-4.20E-01,,3.76E-04,2.96000004
3.77E-04,-4.00E-01,,3.77E-04,2.93999982
3.77E-04,-4.00E-01,,3.77E-04,2.93999982
3.78E-04,-3.60E-01,,3.78E-04,2.96000004
3.78E-04,-3.80E-01,,3.78E-04,2.96000004
3.78E-04,-3.60E-01,,3.78E-04,2.98000002
3.79E-04,-3.80E-01,,3.79E-04,2.96000004
3.79E-04,-3.60E-01,,3.79E-04,2.96000004
3.80E-04,-3.80E-01,,3.80E-04,3
3.80E-04,-4.00E-01,,3.80E-04,2.98000002
3.80E-04,-3.80E-01,,3.80E-04,2.98000002
3.81E-04,-3.60E-01,,3.81E-04,3.01999998
3.81E-04,-3.80E-01,,3.81E-04,3
3.82E-04,-3.60E-01,,3.82E-04,3
3.82E-04,-3.60E-01,,3.82E-04,2.98000002
3.82E-04,-3.60E-01,,3.82E-04,3
3.83E-04,-3.40E-01,,3.83E-04,3.01999998
3.83E-04,-3.80E-01,,3.83E-04,3.05999994
3.84E-04,-3.80E-01,,3.84E-04,3
3.84E-04,-3.80E-01,,3.84E-04,3.03999996
3.84E-04,-4.00E-01,,3.84E-04,3.01999998
3.85E-04,-4.00E-01,,3.85E-04,3.03999996
3.85E-04,-3.80E-01,,3.85E-04,3.05999994
3.86E-04,-3.80E-01,,3.86E-04,3.07999992
3.86E-04,-4.20E-01,,3.86E-04,3.03999996
3.86E-04,-3.80E-01,,3.86E-04,3.03999996
3.87E-04,-4.00E-01,,3.87E-04,3.03999996
3.87E-04,-3.80E-01,,3.87E-04,3.07999992
3.88E-04,-4.20E-01,,3.88E-04,3.05999994
3.88E-04,-4.00E-01,,3.88E-04,3.05999994
3.88E-04,-4.00E-01,,3.88E-04,3.07999992
3.89E-04,-3.80E-01,,3.89E-04,3.0999999
3.89E-04,-4.00E-01,,3.89E-04,3.11999989
3.90E-04,-4.20E-01,,3.90E-04,3.07999992
3.90E-04,-4.20E-01,,3.90E-04,3.0999999
3.90E-04,-4.00E-01,,3.90E-04,3.0999999
3.91E-04,-4.00E-01,,3.91E-04,3.13999987
3.91E-04,-4.00E-01,,3.91E-04,3.13999987
3.92E-04,-4.20E-01,,3.92E-04,3.11999989
3.92E-04,-4.00E-01,,3.92E-04,3.0999999
3.92E-04,-4.20E-01,,3.92E-04,3.13999987
3.93E-04,-4.00E-01,,3.93E-04,3.13999987
3.93E-04,-4.20E-01,,3.93E-04,3.13999987
3.94E-04,-4.00E-01,,3.94E-04,3.13999987
3.94E-04,-4.20E-01,,3.94E-04,3.17999983
3.94E-04,-4.00E-01,,3.94E-04,3.15999985
3.95E-04,-4.20E-01,,3.95E-04,3.13999987
3.95E-04,-4.20E-01,,3.95E-04,3.15999985
3.96E-04,-4.00E-01,,3.96E-04,3.15999985
3.96E-04,-3.80E-01,,3.96E-04,3.17999983
3.96E-04,-4.00E-01,,3.96E-04,3.17999983
3.97E-04,-3.80E-01,,3.97E-04,3.19999981
3.97E-04,-3.80E-01,,3.97E-04,3.17999983
3.98E-04,-4.00E-01,,3.98E-04,3.19999981
3.98E-04,-4.00E-01,,3.98E-04,3.17999983
3.98E-04,-3.80E-01,,3.98E-04,3.19999981
3.99E-04,-3.60E-01,,3.99E-04,3.19999981
3.99E-04,-3.80E-01,,3.99E-04,3.22000003
4.00E-04,-3.80E-01,,4.00E-04,3.24000001
4.00E-04,-3.80E-01,,4.00E-04,3.19999981
4.00E-04,-3.80E-01,,4.00E-04,3.22000003
4.01E-04,-3.60E-01,,4.01E-04,3.25999999
4.01E-04,-3.60E-01,,4.01E-04,3.22000003
4.02E-04,-3.20E-01,,4.02E-04,3.19999981
4.02E-04,-3.80E-01,,4.02E-04,3.22000003
4.02E-04,-3.40E-01,,4.02E-04,3.24000001
4.03E-04,-3.80E-01,,4.03E-04,3.25999999
4.03E-04,-3.80E-01,,4.03E-04,3.24000001
4.04E-04,-3.60E-01,,4.04E-04,3.27999997
4.04E-04,-3.40E-01,,4.04E-04,3.27999997
4.04E-04,-3.20E-01,,4.04E-04,3.27999997
4.05E-04,-3.60E-01,,4.05E-04,3.27999997
4.05E-04,-3.40E-01,,4.05E-04,3.27999997
4.06E-04,-3.20E-01,,4.06E-04,3.29999995
4.06E-04,-3.80E-01,,4.06E-04,3.27999997
4.06E-04,-3.60E-01,,4.06E-04,3.29999995
4.07E-04,-3.60E-01,,4.07E-04,3.29999995
4.07E-04,-3.40E-01,,4.07E-04,3.31999993
4.08E-04,-3.60E-01,,4.08E-04,3.29999995
4.08E-04,-3.60E-01,,4.08E-04,3.31999993
4.08E-04,-3.40E-01,,4.08E-04,3.33999991
4.09E-04,-3.40E-01,,4.09E-04,3.33999991
4.09E-04,-3.40E-01,,4.09E-04,3.33999991
4.10E-04,-3.40E-01,,4.10E-04,3.33999991
4.10E-04,-3.40E-01,,4.10E-04,3.31999993
4.10E-04,-3.60E-01,,4.10E-04,3.31999993
4.11E-04,-3.40E-01,,4.11E-04,3.37999988
4.11E-04,-3.40E-01,,4.11E-04,3.33999991
4.12E-04,-3.60E-01,,4.12E-04,3.31999993
4.12E-04,-3.40E-01,,4.12E-04,3.33999991
4.12E-04,-3.40E-01,,4.12E-04,3.33999991
4.13E-04,-3.60E-01,,4.13E-04,3.3599999
4.13E-04,-3.60E-01,,4.13E-04,3.37999988
4.14E-04,-3.60E-01,,4.14E-04,3.37999988
4.14E-04,-3.80E-01,,4.14E-04,3.39999986
4.14E-04,-3.40E-01,,4.14E-04,3.37999988
4.15E-04,-3.40E-01,,4.15E-04,3.37999988
4.15E-04,-3.60E-01,,4.15E-04,3.37999988
4.16E-04,-3.40E-01,,4.16E-04,3.39999986
4.16E-04,-3.40E-01,,4.16E-04,3.41999984
4.16E-04,-3.40E-01,,4.16E-04,3.41999984
4.17E-04,-3.60E-01,,4.17E-04,3.39999986
4.17E-04,-3.40E-01,,4.17E-04,3.43999982
4.18E-04,-3.80E-01,,4.18E-04,3.43999982
4.18E-04,-3.40E-01,,4.18E-04,3.41999984
4.18E-04,-3.60E-01,,4.18E-04,3.43999982
4.19E-04,-3.20E-01,,4.19E-04,3.46000004
4.19E-04,-3.40E-01,,4.19E-04,3.43999982
4.20E-04,-3.60E-01,,4.20E-04,3.41999984
4.20E-04,-3.80E-01,,4.20E-04,3.41999984
4.20E-04,-3.20E-01,,4.20E-04,3.46000004
4.21E-04,-3.80E-01,,4.21E-04,3.48000002
4.21E-04,-3.60E-01,,4.21E-04,3.43999982
4.22E-04,-3.40E-01,,4.22E-04,3.46000004
4.22E-04,-3.40E-01,,4.22E-04,3.5
4.22E-04,-3.60E-01,,4.22E-04,3.46000004
4.23E-04,-3.60E-01,,4.23E-04,3.48000002
4.23E-04,-3.60E-01,,4.23E-04,3.46000004
4.24E-04,-3.60E-01,,4.24E-04,3.5
4.24E-04,-3.80E-01,,4.24E-04,3.48000002
4.24E-04,-3.60E-01,,4.24E-04,3.5
4.25E-04,-3.60E-01,,4.25E-04,3.51999998
4.25E-04,-3.40E-01,,4.25E-04,3.51999998
4.26E-04,-3.40E-01,,4.26E-04,3.5
4.26E-04,-3.80E-01,,4.26E-04,3.48000002
4.26E-04,-3.80E-01,,4.26E-04,3.51999998
4.27E-04,-3.80E-01,,4.27E-04,3.51999998
4.27E-04,-3.60E-01,,4.27E-04,3.53999996
4.28E-04,-3.60E-01,,4.28E-04,3.55999994
4.28E-04,-3.80E-01,,4.28E-04,3.53999996
4.28E-04,-3.40E-01,,4.28E-04,3.55999994
4.29E-04,-4.00E-01,,4.29E-04,3.55999994
4.29E-04,-3.80E-01,,4.29E-04,3.53999996
4.30E-04,-3.80E-01,,4.30E-04,3.55999994
4.30E-04,-3.60E-01,,4.30E-04,3.57999992
4.30E-04,-3.40E-01,,4.30E-04,3.57999992
4.31E-04,-3.60E-01,,4.31E-04,3.57999992
4.31E-04,-3.80E-01,,4.31E-04,3.57999992
4.32E-04,-3.40E-01,,4.32E-04,3.55999994
4.32E-04,-3.40E-01,,4.32E-04,3.57999992
4.32E-04,-3.60E-01,,4.32E-04,3.57999992
4.33E-04,-3.60E-01,,4.33E-04,3.57999992
4.33E-04,-3.40E-01,,4.33E-04,3.61999989
4.34E-04,-3.40E-01,,4.34E-04,3.5999999
4.34E-04,-3.40E-01,,4.34E-04,3.5999999
4.34E-04,-3.40E-01,,4.34E-04,3.5999999
4.35E-04,-3.40E-01,,4.35E-04,3.61999989
4.35E-04,-3.40E-01,,4.35E-04,3.63999987
4.36E-04,-3.60E-01,,4.36E-04,3.63999987
4.36E-04,-3.40E-01,,4.36E-04,3.61999989
4.36E-04,-3.20E-01,,4.36E-04,3.61999989
4.37E-04,-3.40E-01,,4.37E-04,3.63999987
4.37E-04,-3.20E-01,,4.37E-04,3.65999985
4.38E-04,-3.40E-01,,4.38E-04,3.65999985
4.38E-04,-3.00E-01,,4.38E-04,3.65999985
4.38E-04,-3.20E-01,,4.38E-04,3.67999983
4.39E-04,-3.40E-01,,4.39E-04,3.65999985
4.39E-04,-3.20E-01,,4.39E-04,3.65999985
4.40E-04,-3.00E-01,,4.40E-04,3.67999983
4.40E-04,-3.20E-01,,4.40E-04,3.65999985
4.40E-04,-3.20E-01,,4.40E-04,3.72000003
4.41E-04,-3.40E-01,,4.41E-04,3.67999983
4.41E-04,-3.00E-01,,4.41E-04,3.67999983
4.42E-04,-3.00E-01,,4.42E-04,3.67999983
4.42E-04,-3.00E-01,,4.42E-04,3.67999983
4.42E-04,-3.00E-01,,4.42E-04,3.69999981
4.43E-04,-3.20E-01,,4.43E-04,3.69999981
4.43E-04,-3.20E-01,,4.43E-04,3.69999981
4.44E-04,-3.20E-01,,4.44E-04,3.72000003
4.44E-04,-3.20E-01,,4.44E-04,3.74000001
4.44E-04,-3.40E-01,,4.44E-04,3.72000003
4.45E-04,-3.20E-01,,4.45E-04,3.72000003
4.45E-04,-3.20E-01,,4.45E-04,3.72000003
4.46E-04,-3.20E-01,,4.46E-04,3.72000003
4.46E-04,-3.20E-01,,4.46E-04,3.72000003
4.46E-04,-3.40E-01,,4.46E-04,3.72000003
4.47E-04,-3.40E-01,,4.47E-04,3.77999997
4.47E-04,-3.20E-01,,4.47E-04,3.74000001
4.48E-04,-3.40E-01,,4.48E-04,3.74000001
4.48E-04,-3.60E-01,,4.48E-04,3.75999999
4.48E-04,-3.00E-01,,4.48E-04,3.75999999
4.49E-04,-3.40E-01,,4.49E-04,3.77999997
4.49E-04,-3.40E-01,,4.49E-04,3.75999999
4.50E-04,-3.40E-01,,4.50E-04,3.75999999
4.50E-04,-3.40E-01,,4.50E-04,3.77999997
4.50E-04,-3.40E-01,,4.50E-04,3.79999995
4.51E-04,-3.20E-01,,4.51E-04,3.77999997
4.51E-04,-3.40E-01,,4.51E-04,3.77999997
4.52E-04,-3.40E-01,,4.52E-04,3.77999997
4.52E-04,-3.40E-01,,4.52E-04,3.81999993
4.52E-04,-3.20E-01,,4.52E-04,3.79999995
4.53E-04,-3.20E-01,,4.53E-04,3.81999993
4.53E-04,-3.40E-01,,4.53E-04,3.83999991
4.54E-04,-3.40E-01,,4.54E-04,3.81999993
4.54E-04,-3.40E-01,,4.54E-04,3.75999999
4.54E-04,-3.20E-01,,4.54E-04,3.83999991
4.55E-04,-3.40E-01,,4.55E-04,3.83999991
4.55E-04,-3.20E-01,,4.55E-04,3.83999991
4.56E-04,-3.40E-01,,4.56E-04,3.8599999
4.56E-04,-3.40E-01,,4.56E-04,3.83999991
4.56E-04,-3.40E-01,,4.56E-04,3.83999991
4.57E-04,-3.20E-01,,4.57E-04,3.8599999
4.57E-04,-3.40E-01,,4.57E-04,3.87999988
4.58E-04,-3.20E-01,,4.58E-04,3.87999988
4.58E-04,-3.20E-01,,4.58E-04,3.87999988
4.58E-04,-3.00E-01,,4.58E-04,3.8599999
4.59E-04,-3.40E-01,,4.59E-04,3.8599999
4.59E-04,-3.20E-01,,4.59E-04,3.8599999
4.60E-04,-3.20E-01,,4.60E-04,3.8599999
4.60E-04,-3.20E-01,,4.60E-04,3.91999984
4.60E-04,-3.00E-01,,4.60E-04,3.87999988
4.61E-04,-3.40E-01,,4.61E-04,3.8599999
4.61E-04,-3.00E-01,,4.61E-04,3.87999988
4.62E-04,-2.80E-01,,4.62E-04,3.89999986
4.62E-04,-3.20E-01,,4.62E-04,3.89999986
4.62E-04,-3.20E-01,,4.62E-04,3.93999982
4.63E-04,-3.40E-01,,4.63E-04,3.91999984
4.63E-04,-3.00E-01,,4.63E-04,3.9599998
4.64E-04,-3.60E-01,,4.64E-04,3.91999984
4.64E-04,-3.40E-01,,4.64E-04,3.91999984
4.64E-04,-2.80E-01,,4.64E-04,3.93999982
4.65E-04,-3.00E-01,,4.65E-04,3.93999982
4.65E-04,-3.40E-01,,4.65E-04,3.93999982
4.66E-04,-3.40E-01,,4.66E-04,3.93999982
4.66E-04,-3.20E-01,,4.66E-04,3.93999982
4.66E-04,-3.60E-01,,4.66E-04,3.9599998
4.67E-04,-3.40E-01,,4.67E-04,3.9599998
4.67E-04,-2.80E-01,,4.67E-04,3.9599998
4.68E-04,-3.20E-01,,4.68E-04,3.9599998
4.68E-04,-3.00E-01,,4.68E-04,3.98000002
4.68E-04,-3.40E-01,,4.68E-04,4.01999998
4.69E-04,-3.20E-01,,4.69E-04,4
4.69E-04,-2.80E-01,,4.69E-04,3.9599998
4.70E-04,-3.00E-01,,4.70E-04,4
4.70E-04,-2.60E-01,,4.70E-04,4.01999998
4.70E-04,-3.00E-01,,4.70E-04,4
4.71E-04,-3.20E-01,,4.71E-04,4
4.71E-04,-3.00E-01,,4.71E-04,3.98000002
4.72E-04,-3.00E-01,,4.72E-04,4.03999996
4.72E-04,-3.00E-01,,4.72E-04,4.01999998
4.72E-04,-3.00E-01,,4.72E-04,4.03999996
4.73E-04,-2.80E-01,,4.73E-04,4.03999996
4.73E-04,-3.20E-01,,4.73E-04,4.01999998
4.74E-04,-3.20E-01,,4.74E-04,4.01999998
4.74E-04,-2.60E-01,,4.74E-04,4.01999998
4.74E-04,-3.00E-01,,4.74E-04,4.03999996
4.75E-04,-3.00E-01,,4.75E-04,4.05999994
4.75E-04,-3.00E-01,,4.75E-04,4.07999992
4.76E-04,-2.80E-01,,4.76E-04,4.05999994
4.76E-04,-2.80E-01,,4.76E-04,4.05999994
4.76E-04,-3.00E-01,,4.76E-04,4.03999996
4.77E-04,-2.60E-01,,4.77E-04,4.07999992
4.77E-04,-3.00E-01,,4.77E-04,4.05999994
4.78E-04,-3.00E-01,,4.78E-04,4.07999992
4.78E-04,-2.80E-01,,4.78E-04,4.0999999
4.78E-04,-3.00E-01,,4.78E-04,4.07999992
4.79E-04,-3.00E-01,,4.79E-04,4.07999992
4.79E-04,-3.00E-01,,4.79E-04,4.11999989
4.80E-04,-3.00E-01,,4.80E-04,4.13999987
4.80E-04,-2.80E-01,,4.80E-04,4.13999987
4.80E-04,-3.00E-01,,4.80E-04,4.11999989
4.81E-04,-2.80E-01,,4.81E-04,4.07999992
4.81E-04,-3.00E-01,,4.81E-04,4.11999989
4.82E-04,-3.20E-01,,4.82E-04,4.13999987
4.82E-04,-3.20E-01,,4.82E-04,4.13999987
4.82E-04,-3.40E-01,,4.82E-04,4.15999985
4.83E-04,-3.20E-01,,4.83E-04,4.13999987
4.83E-04,-3.20E-01,,4.83E-04,4.15999985
4.84E-04,-3.20E-01,,4.84E-04,4.13999987
4.84E-04,-3.40E-01,,4.84E-04,4.13999987
4.84E-04,-3.40E-01,,4.84E-04,4.15999985
4.85E-04,-3.00E-01,,4.85E-04,4.15999985
4.85E-04,-3.40E-01,,4.85E-04,4.15999985
4.86E-04,-3.40E-01,,4.86E-04,4.15999985
4.86E-04,-3.20E-01,,4.86E-04,4.13999987
4.86E-04,-3.20E-01,,4.86E-04,4.15999985
4.87E-04,-3.00E-01,,4.87E-04,4.15999985
4.87E-04,-3.40E-01,,4.87E-04,4.15999985
4.88E-04,-3.40E-01,,4.88E-04,4.15999985
4.88E-04,-3.00E-01,,4.88E-04,4.15999985
4.88E-04,-3.20E-01,,4.88E-04,4.15999985
4.89E-04,-3.20E-01,,4.89E-04,4.15999985
4.89E-04,-3.20E-01,,4.89E-04,4.15999985
4.90E-04,-3.40E-01,,4.90E-04,4.15999985
4.90E-04,-3.20E-01,,4.90E-04,4.15999985
4.90E-04,-2.80E-01,,4.90E-04,4.15999985
4.91E-04,-3.20E-01,,4.91E-04,4.15999985
4.91E-04,-2.80E-01,,4.91E-04,4.15999985
4.92E-04,-3.00E-01,,4.92E-04,4.15999985
4.92E-04,-3.20E-01,,4.92E-04,4.15999985
4.92E-04,-2.80E-01,,4.92E-04,4.15999985
4.93E-04,-3.00E-01,,4.93E-04,4.15999985
4.93E-04,-3.00E-01,,4.93E-04,4.15999985
4.94E-04,-3.00E-01,,4.94E-04,4.15999985
4.94E-04,-2.80E-01,,4.94E-04,4.15999985
4.94E-04,-3.00E-01,,4.94E-04,4.15999985
4.95E-04,-2.60E-01,,4.95E-04,4.15999985
4.95E-04,-3.00E-01,,4.95E-04,4.15999985
4.96E-04,-2.80E-01,,4.96E-04,4.15999985
4.96E-04,-2.80E-01,,4.96E-04,4.15999985
4.96E-04,-2.60E-01,,4.96E-04,4.15999985
4.97E-04,-2.80E-01,,4.97E-04,4.15999985
4.97E-04,-2.60E-01,,4.97E-04,4.15999985
4.98E-04,-2.80E-01,,4.98E-04,4.15999985
4.98E-04,-2.60E-01,,4.98E-04,4.15999985
4.98E-04,-2.80E-01,,4.98E-04,4.15999985
4.99E-04,-2.80E-01,,4.99E-04,4.15999985
4.99E-04,-2.80E-01,,4.99E-04,4.15999985
5.00E-04,-2.40E-01,,5.00E-04,4.15999985
